"ID","Description","GeneRatio","BgRatio","RichFactor","FoldEnrichment","zScore","pvalue","p.adjust","qvalue","geneID","Count","direction"
"congenital hemolytic anemia","congenital hemolytic anemia","25/250","285/17907",0.087719298245614,6.28315789473684,10.6979178316419,2.63141965487051e-13,6.71801437888442e-10,4.94706895115657e-10,"HBB/HBE1/PRDX2/KRT84/RPN2/HP/P4HB/PKM/TFRC/ALDOA/HSPA1B/HBZ/HSPB1/HBG1/SERPINC1/PGK1/ALDOC/SLC4A1/CYB5R3/MBD1/BLVRB/ADA/F2/ALAD/HPX",25,"up"
"epidermolysis bullosa simplex","epidermolysis bullosa simplex","12/250","69/17907",0.173913043478261,12.4570434782609,11.3457931809863,1.83570524684647e-10,2.34327774759952e-07,1.72556293203568e-07,"DES/KRT1/KRT10/KRT4/KRT17/HSPA1B/NEFM/HSPA1A/KRT6A/KRT14/KRT15/VCL",12,"up"
"hemoglobinopathy","hemoglobinopathy","16/250","161/17907",0.0993788819875776,7.11831055900621,9.27908285966033,9.60068390602609e-10,8.1701820040282e-07,6.01642858110968e-07,"HBB/HBE1/HP/PKM/TFRC/HSPA1B/HBZ/HSPB1/HBG1/SERPINC1/SLC4A1/CYB5R3/BLVRB/F2/ALAD/HPX",16,"up"
"Normocytic anemia","Normocytic anemia","12/250","87/17907",0.137931034482759,9.87972413793103,9.87907053732498,2.95836826617741e-09,1.88817854588773e-06,1.39043308510338e-06,"HBB/SLC2A1/RPS24/RPL18/ALDOA/RPS28/PGK1/SLC4A1/RPS10/ADA/RPS19/RPL27",12,"up"
"Anemia","Anemia","12/250","94/17907",0.127659574468085,9.144,9.41985014157177,7.30668255880302e-09,3.73079211452482e-06,2.74731264210993e-06,"HBB/SLC2A1/RPS24/RPL18/ALDOA/RPS28/PGK1/SLC4A1/RPS10/ADA/RPS19/RPL27",12,"up"
"mesenchymal cell neoplasm","mesenchymal cell neoplasm","15/250","163/17907",0.0920245398773006,6.59153374233129,8.53315871932467,9.37080581729808e-09,3.91062489685727e-06,2.8797394461777e-06,"DES/ACTA1/KRT19/KRT1/SLC2A1/KRT4/VIM/NEFL/KRT15/KIT/VCL/TG/TTR/PROX1/SALL4",15,"up"
"hereditary mucosal leukokeratosis","hereditary mucosal leukokeratosis","6/250","13/17907",0.461538461538462,33.0590769230769,13.7587762833196,1.10262443197953e-08,3.91062489685727e-06,2.8797394461777e-06,"KRT1/KRT10/KRT4/KRT6A/KRT14/KRT13",6,"up"
"epidermolytic hyperkeratosis","epidermolytic hyperkeratosis","9/250","46/17907",0.195652173913043,14.0141739130435,10.5160701032534,1.22542104092668e-08,3.91062489685727e-06,2.8797394461777e-06,"DES/KRT1/KRT10/KRT4/KRT17/KRT6A/KRT14/KRT15/PADI2",9,"up"
"congenital afibrinogenemia","congenital afibrinogenemia","7/250","28/17907",0.25,17.907,10.6533155765142,8.76335186419921e-08,2.48587081214451e-05,1.83056683385495e-05,"SERPINE1/FGG/SERPINC1/CFHR1/PLG/FGB/F2",7,"up"
"congenital hypoplastic anemia","congenital hypoplastic anemia","19/250","322/17907",0.0590062111801242,4.22649689440994,6.95182509404567,1.4228583648284e-07,3.6325574054069e-05,2.67497372587739e-05,"RPL14/RPS24/RPS3/MUS81/HPRT1/RPLP2/RPL7/TXN/RPS28/PGK1/RPS10/PSMB3/ADA/RPS19/RPL6/NHP2/TELO2/POLM/RPL27",19,"up"
"methemoglobinemia","methemoglobinemia","10/250","80/17907",0.125,8.9535,8.48349840589286,1.64240354955295e-07,3.8118693290988e-05,2.80701697559959e-05,"HBB/HP/PKM/HSPA1B/HSPB1/HBG1/SLC4A1/CYB5R3/BLVRB/ALAD",10,"up"
"macrocytic anemia","macrocytic anemia","12/250","128/17907",0.09375,6.715125,7.72125489005349,2.38812063037956e-07,5.08072664113251e-05,3.74138898759464e-05,"HBE1/KRT84/RPS24/HP/HPRT1/TFRC/RPS28/SLC25A4/MPO/RPS10/MBD1/RPS19",12,"up"
"diamond-blackfan anemia","diamond-blackfan anemia","11/250","108/17907",0.101851851851852,7.29544444444444,7.8082068143275,3.29935421538395e-07,6.29775012531921e-05,4.63759116161383e-05,"RPL14/RPS24/RPS3/RPLP2/RPL7/RPS28/RPS10/ADA/RPS19/RPL6/RPL27",11,"up"
"glucosephosphate dehydrogenase deficiency","glucosephosphate dehydrogenase deficiency","9/250","67/17907",0.134328358208955,9.62167164179104,8.41283344336989,3.68508524731372e-07,6.29775012531921e-05,4.63759116161383e-05,"HBB/HBE1/HP/PKM/MPO/SLC4A1/CRYZ/ALAD/HPX",9,"up"
"schistosomiasis","schistosomiasis","18/250","309/17907",0.058252427184466,4.17250485436893,6.69361476923591,3.70020571405359e-07,6.29775012531921e-05,4.63759116161383e-05,"PRDX2/HP/PPIA/HPRT1/TFRC/CTSB/RPL7/TXN/PRDX1/DSTN/SERPINC1/ALDOC/SERPINB8/LGALS9/F2/GGPS1/TTR/RAN",18,"up"
"ichthyosis vulgaris","ichthyosis vulgaris","8/250","51/17907",0.156862745098039,11.2357647058824,8.71011981904118,4.89299711325431e-07,7.80738851883642e-05,5.74927160807382e-05,"KRT1/KRT10/KRT4/KRT17/ALDOA/KRT6A/KRT14/KRT13",8,"up"
"Diamond-Blackfan anemia","Diamond-Blackfan anemia","6/250","25/17907",0.24,17.19072,9.6391548513773,9.88638330675934e-07,0.000132841771485035,9.78231611405662e-05,"RPS24/RPL18/RPS28/RPS10/RPS19/RPL27",6,"up"
"pachyonychia congenita","pachyonychia congenita","6/250","25/17907",0.24,17.19072,9.6391548513773,9.88638330675934e-07,0.000132841771485035,9.78231611405662e-05,"DES/KRT1/KRT10/KRT17/KRT6A/KRT72",6,"up"
"Pure red-cell aplasia","Pure red-cell aplasia","6/250","25/17907",0.24,17.19072,9.6391548513773,9.88638330675934e-07,0.000132841771485035,9.78231611405662e-05,"RPS24/RPL18/RPS28/RPS10/RPS19/RPL27",6,"up"
"epidermolysis bullosa","epidermolysis bullosa","13/250","180/17907",0.0722222222222222,5.17313333333333,6.69563432241291,1.52543162253644e-06,0.000194721346616776,0.000143390572518425,"DES/KRT1/KRT10/KRT4/KRT17/P4HB/HSPA1B/NEFM/HSPA1A/KRT6A/KRT14/KRT15/VCL",13,"up"
"eumycotic mycetoma","eumycotic mycetoma","5/250","16/17907",0.3125,22.38375,10.1821006979933,1.96298278634859e-06,0.000237088583252327,0.000174589321000538,"RPS3/PKM/ALDOA/ALDOC/TPT1",5,"up"
"meningioma","meningioma","21/250","459/17907",0.0457516339869281,3.27709803921569,5.88066014948964,2.04306652234673e-06,0.000237088583252327,0.000174589321000538,"S100A6/ENO1/KRT19/ST7L/MSN/RDX/SLC2A1/EZR/RAB4A/PKM/TFRC/VIM/HSPB1/CTSB/FABP3/F2/TTR/RPS12/XRCC5/GSTP1/ALAD",21,"up"
"carotid artery thrombosis","carotid artery thrombosis","8/250","62/17907",0.129032258064516,9.24232258064516,7.735671378403,2.27614908806604e-06,0.00025265254877533,0.000186050447198441,"KNG1/P4HB/SERPINE1/SERPINC1/APOE/PLG/TLN1/F2",8,"up"
"epithelioid sarcoma","epithelioid sarcoma","8/250","64/17907",0.125,8.9535,7.58446882509618,2.90892475064604e-06,0.000301893032523604,0.000222310576241432,"DES/KRT1/SLC2A1/KRT4/KRT15/KIT/PROX1/SALL4",8,"up"
"vesiculobullous skin disease","vesiculobullous skin disease","13/250","191/17907",0.0680628272251309,4.87520418848168,6.40677208425771,2.956257662785e-06,0.000301893032523604,0.000222310576241432,"DES/KRT1/KRT10/KRT4/KRT17/P4HB/HSPA1B/NEFM/HSPA1A/KRT6A/KRT14/KRT15/VCL",13,"up"
"retinal artery occlusion","retinal artery occlusion","7/250","46/17907",0.152173913043478,10.8999130434783,7.99959953485696,3.1978210585213e-06,0.000314001429323265,0.000231227061154617,"SERPINE1/SERPINC1/MPO/PLG/FGB/F2/TPT1",7,"up"
"microcytic anemia","microcytic anemia","11/250","137/17907",0.0802919708029197,5.75115328467153,6.6424217612019,3.54858367485954e-06,0.000335538300811719,0.00024708656699022,"HBB/HBE1/KRT84/HP/TFRC/HBZ/MBD1/ADA/F2/ALAD/HPX",11,"up"
"keratoacanthoma","keratoacanthoma","9/250","88/17907",0.102272727272727,7.32559090909091,7.07801713544042,3.81734769776915e-06,0.000336334065973041,0.000247672559353434,"S100A6/MSN/KRT1/RDX/KRT10/KRT4/EZR/NME2/KRT15",9,"up"
"alpha thalassemia","alpha thalassemia","10/250","112/17907",0.0892857142857143,6.39535714285714,6.81539527658397,3.82048096874978e-06,0.000336334065973041,0.000247672559353434,"HBB/HBE1/HP/PKM/TFRC/HBZ/HBG1/KRT40/PGK1/SLC4A1",10,"up"
"iron deficiency anemia","iron deficiency anemia","9/250","92/17907",0.0978260869565217,7.00708695652174,6.87346546473831,5.52992999371838e-06,0.000460569512769972,0.00033915812142873,"HBB/HBE1/KRT84/HP/TFRC/MBD1/F2/ALAD/HPX",9,"up"
"scurvy","scurvy","7/250","50/17907",0.14,10.02792,7.60640228879834,5.69070631086236e-06,0.000460569512769972,0.00033915812142873,"HSP90B1/SLC2A1/HP/P4HB/PRDX4/F2/HPX",7,"up"
"amelanotic melanoma","amelanotic melanoma","8/250","70/17907",0.114285714285714,8.18605714285714,7.16786168100831,5.77290419453157e-06,0.000460569512769972,0.00033915812142873,"S100A6/KRT84/HPRT1/CTSB/TXN/KIT/VCL/CCT4",8,"up"
"papilloma","papilloma","17/250","343/17907",0.0495626822157434,3.55007580174927,5.67412987161255,6.99225111621944e-06,0.000540945972718431,0.000398346427227047,"ACTA1/KRT18/KRT1/SLC2A1/KRT10/KRT4/RPS24/NME2/EIF4A2/DUSP9/KRT14/KRT15/KRT13/FSCN1/TTR/GSTP1/HSPD1",17,"up"
"blue toe syndrome","blue toe syndrome","4/250","10/17907",0.4,28.6512,10.4072191620126,7.29103338127734e-06,0.000547470830070619,0.000403151257552982,"SERPINE1/SERPINC1/PLG/F2",4,"up"
"keratosis","keratosis","19/250","423/17907",0.0449172576832151,3.21733333333333,5.49150782168422,8.26564450582718e-06,0.000602919726382194,0.000443983190598717,"DES/S100A6/HSP90B1/PRDX2/KRT1/KRT10/KRT4/EZR/KRT17/CTSB/KRT6A/KRT14/KRT15/KRT13/KRT24/PGK1/LIPH/VCL/PLG",19,"up"
"integumentary system benign neoplasm","integumentary system benign neoplasm","17/250","349/17907",0.0487106017191977,3.48904297994269,5.58751140961778,8.77839595121775e-06,0.000605709320634025,0.000446037415899713,"DES/ACTA1/S100A6/KRT19/SLC2A1/KRT10/KRT4/VIM/HBZ/CTSB/TXN/KRT14/KRT15/TG/PROX1/IGFBP7/GSK3B",17,"up"
"skin benign neoplasm","skin benign neoplasm","17/250","349/17907",0.0487106017191977,3.48904297994269,5.58751140961778,8.77839595121775e-06,0.000605709320634025,0.000446037415899713,"DES/ACTA1/S100A6/KRT19/SLC2A1/KRT10/KRT4/VIM/HBZ/CTSB/TXN/KRT14/KRT15/TG/PROX1/IGFBP7/GSK3B",17,"up"
"basaloid squamous cell carcinoma","basaloid squamous cell carcinoma","7/250","55/17907",0.127272727272727,9.11629090909091,7.17309109907823,1.08953030434371e-05,0.000731992333418287,0.000539030782148993,"ENO1/KRT10/KRT4/KRT17/VIM/KRT14/KRT13",7,"up"
"basal cell carcinoma","basal cell carcinoma","16/250","319/17907",0.0501567398119122,3.59262695924765,5.55952876562047,1.1275145867172e-05,0.000738088394843339,0.000543519852058549,"S100A6/ST7L/KRT1/SLC2A1/KRT10/KRT4/EZR/KRT17/KRT31/CALML3/KRT14/KRT15/KRT35/KCNAB2/POLM/GSTP1",16,"up"
"pure red-cell aplasia","pure red-cell aplasia","8/250","77/17907",0.103896103896104,7.44187012987013,6.74050588124683,1.18306709489193e-05,0.000755092573314777,0.000556041534599209,"KRT84/RPL14/RPS24/HP/RPLP2/RPL7/RPS19/RPL27",8,"up"
"hereditary angioedema","hereditary angioedema","7/250","56/17907",0.125,8.9535,7.09303103092788,1.23049453283596e-05,0.000766207937153707,0.000564226761397951,"IGHM/KRT1/KNG1/INA/SERPINC1/PLG/F2",7,"up"
"hellp syndrome","hellp syndrome","9/250","104/17907",0.0865384615384615,6.19857692307692,6.32652726785632,1.51249744723639e-05,0.000919382376855836,0.000677022666858195,"HP/HSPA1B/SERPINE1/SERPINC1/CTNNA3/PLG/F2/TTR/GSTP1",9,"up"
"anterior spinal artery syndrome","anterior spinal artery syndrome","4/250","12/17907",0.333333333333333,23.876,9.43225852040834,1.68112674125439e-05,0.000998120132656388,0.000735004249664712,"HSPB1/SERPINC1/F2/COL6A1",4,"up"
"chordoma","chordoma","10/250","133/17907",0.075187969924812,5.38556390977444,6.0404530451856,1.76387398988329e-05,0.00100070451026045,0.000736907355773462,"KRT19/KRT1/RDX/KRT84/SERPINE1/VIM/CTSB/FSCN1/CD24/SALL4",10,"up"
"notochordal cancer","notochordal cancer","10/250","133/17907",0.075187969924812,5.38556390977444,6.0404530451856,1.76387398988329e-05,0.00100070451026045,0.000736907355773462,"KRT19/KRT1/RDX/KRT84/SERPINE1/VIM/CTSB/FSCN1/CD24/SALL4",10,"up"
"dilated cardiomyopathy","dilated cardiomyopathy","20/250","488/17907",0.040983606557377,2.9355737704918,5.15844572642787,1.81676957019288e-05,0.00100830711145705,0.000742505824339698,"DES/ACTA1/ACTC1/HBB/KNG1/MYL6/EIF4A2/FABP3/TXN/SLC25A4/MYL12A/CTNNA3/VCL/TFB2M/CAMK2B/F2/MYL3/GSK3B/MYL12B/HSPD1",20,"up"
"intermediate coronary syndrome","intermediate coronary syndrome","12/250","194/17907",0.0618556701030928,4.43059793814433,5.71656915724445,1.87511136715001e-05,0.00101854453624127,0.000750044546860005,"KNG1/HP/SERPINE1/KRT31/FABP3/HSPA1A/SERPINC1/MPO/PLG/F2/RHOA/HSPD1",12,"up"
"congenital dyserythropoietic anemia","congenital dyserythropoietic anemia","7/250","60/17907",0.116666666666667,8.3566,6.79173906340242,1.95419850799372e-05,0.00102833695336473,0.000757255570828712,"HBB/KRT84/RPN2/HP/P4HB/TFRC/SLC4A1",7,"up"
"lung squamous cell carcinoma","lung squamous cell carcinoma","12/250","195/17907",0.0615384615384615,4.40787692307692,5.69348579536284,1.97369803035143e-05,0.00102833695336473,0.000757255570828712,"ENO1/KRT19/HSP90B1/SLC2A1/IQGAP1/EIF4A2/ALDOA/TXN/FSCN1/GAS7/XRCC5/RAN",12,"up"
"Congenital hemolytic anemia","Congenital hemolytic anemia","6/250","41/17907",0.146341463414634,10.4821463414634,7.23262175074487,2.08193954201432e-05,0.00104219444132599,0.000767460066468023,"HBB/SLC2A1/ALDOA/PGK1/SLC4A1/ADA",6,"up"
"Hemolytic anemia","Hemolytic anemia","6/250","41/17907",0.146341463414634,10.4821463414634,7.23262175074487,2.08193954201432e-05,0.00104219444132599,0.000767460066468023,"HBB/SLC2A1/ALDOA/PGK1/SLC4A1/ADA",6,"up"
"cor pulmonale","cor pulmonale","12/250","200/17907",0.06,4.29768,5.58035528925306,2.53748830960801e-05,0.00124580916431332,0.000917399619627513,"ACTC1/KNG1/SERPINE1/SERPINC1/KCNAB2/SLC4A1/VCL/CYB5R3/PLG/F2/RHOA/MAOA",12,"up"
"nodular basal cell carcinoma","nodular basal cell carcinoma","5/250","26/17907",0.192307692307692,13.7746153846154,7.75620790218517,2.6371631949348e-05,0.00127031653522048,0.000935446567259891,"KRT4/KRT31/KRT14/KRT15/KRT35",5,"up"
"larynx cancer","larynx cancer","17/250","381/17907",0.0446194225721785,3.196,5.15542241960744,2.71378453541524e-05,0.00127463072390102,0.000938623486460599,"ENO1/KRT19/SLC2A1/KRT4/EZR/MUS81/NME2/TFRC/NME1/KRT31/CTSB/CALML3/KRT13/CTNNA3/FSCN1/IGFBP7/GSTP1",17,"up"
"tongue cancer","tongue cancer","9/250","112/17907",0.0803571428571429,5.75582142857143,6.00753611713611,2.7459729657092e-05,0.00127463072390102,0.000938623486460599,"ACTA1/HBB/MSN/SLC2A1/PPIA/CAP1/PRDX1/KRT13/MYL3",9,"up"
"sweat gland neoplasm","sweat gland neoplasm","10/250","142/17907",0.0704225352112676,5.04422535211268,5.75715271171461,3.11214138330765e-05,0.00139421851594369,0.00102668656873253,"DES/ACTA1/S100A6/SLC2A1/KRT10/KRT4/VIM/KRT14/KRT15/TG",10,"up"
"theileriasis","theileriasis","6/250","44/17907",0.136363636363636,9.76745454545454,6.92840869431542,3.15612768999462e-05,0.00139421851594369,0.00102668656873253,"MSN/RDX/EZR/HP/SOD1/RPS12",6,"up"
"diabetic angiopathy","diabetic angiopathy","8/250","88/17907",0.0909090909090909,6.51163636363636,6.16724305867913,3.16743728651524e-05,0.00139421851594369,0.00102668656873253,"S100A6/HP/SERPINE1/SERPINC1/APOE/BLVRB/DDOST/IGFBP7",8,"up"
"amyloidosis","amyloidosis","14/250","274/17907",0.0510948905109489,3.65982481751825,5.27929642192512,3.27327820829291e-05,0.00141501998652533,0.00104200453375152,"ACTA1/KRT1/EZR/KNG1/HP/NME1/CTSB/KRT14/SERPINC1/APOE/PLG/F2/TTR/A2M",14,"up"
"cholesterol embolism","cholesterol embolism","4/250","14/17907",0.285714285714286,20.4651428571429,8.66943646538231,3.32554638431336e-05,0.00141501998652533,0.00104200453375152,"SERPINE1/SERPINC1/PLG/F2",4,"up"
"hair follicle neoplasm","hair follicle neoplasm","6/250","45/17907",0.133333333333333,9.5504,6.83342578994176,3.59947655476542e-05,0.00148217155553486,0.00109145418112242,"S100A6/KRT19/TXN/KRT14/KRT15/GSK3B",6,"up"
"pilomatrixoma","pilomatrixoma","6/250","45/17907",0.133333333333333,9.5504,6.83342578994176,3.59947655476542e-05,0.00148217155553486,0.00109145418112242,"S100A6/KRT19/TXN/KRT14/KRT15/GSK3B",6,"up"
"thalassemia","thalassemia","14/250","280/17907",0.05,3.5814,5.18031245095966,4.14715987703629e-05,0.00168058716921804,0.00123756516965527,"HBB/HBE1/PRDX2/HP/PKM/TFRC/HBZ/HBG1/KRT40/SERPINC1/PGK1/SLC4A1/F2/HPX",14,"up"
"beta thalassemia","beta thalassemia","10/250","148/17907",0.0675675675675676,4.83972972972973,5.58127082105172,4.43562112361091e-05,0.00174048488691003,0.00128167316388204,"HBB/HBE1/HP/PKM/TFRC/HBZ/HBG1/SERPINC1/SLC4A1/F2",10,"up"
"Blood coagulation disease","Blood coagulation disease","5/250","29/17907",0.172413793103448,12.3496551724138,7.2783516635293,4.60094272858499e-05,0.00174048488691003,0.00128167316388204,"FGG/SERPINC1/PLG/FGB/F2",5,"up"
"dermatomycosis","dermatomycosis","5/250","29/17907",0.172413793103448,12.3496551724138,7.2783516635293,4.60094272858499e-05,0.00174048488691003,0.00128167316388204,"RPS3/PKM/ALDOA/ALDOC/TPT1",5,"up"
"Aplastic anemia","Aplastic anemia","6/250","47/17907",0.127659574468085,9.144,6.65206987626139,4.63583910340313e-05,0.00174048488691003,0.00128167316388204,"RPS24/RPL18/RPS28/RPS10/RPS19/RPL27",6,"up"
"Congenital hypoplastic anemia","Congenital hypoplastic anemia","6/250","47/17907",0.127659574468085,9.144,6.65206987626139,4.63583910340313e-05,0.00174048488691003,0.00128167316388204,"RPS24/RPL18/RPS28/RPS10/RPS19/RPL27",6,"up"
"Amyloidosis","Amyloidosis","7/250","70/17907",0.1,7.1628,6.14719547723421,5.38831186655866e-05,0.0019936753906267,0.00146811975494642,"HBB/KRT1/HBZ/KRT14/APOE/TTR/A2M",7,"up"
"sickle cell anemia","sickle cell anemia","11/250","185/17907",0.0594594594594595,4.25896216216216,5.30175496987948,5.99064277512498e-05,0.00218487300069915,0.00160891548817642,"HBB/HBE1/KRT84/HP/PKM/TFRC/HBG1/SERPINC1/SLC4A1/SMAD5/F2",11,"up"
"nephrosis","nephrosis","16/250","368/17907",0.0434782608695652,3.11426086956522,4.8763054652593,6.37007369839458e-05,0.0022618763563921,0.00166561987858094,"HBE1/HSP90B1/EZR/KNG1/HP/GC/IQGAP1/SERPINE1/SERPINC1/APOE/MPO/PLG/ADA/F2/TTR/HPX",16,"up"
"brain ischemia","brain ischemia","18/250","449/17907",0.0400890868596882,2.87150111358575,4.77888799297206,6.37896974775679e-05,0.0022618763563921,0.00166561987858094,"P4HB/TFRC/HSPA1B/SERPINE1/VIM/INA/FABP3/HSPA1A/TXN/SERPINC1/APOE/MPO/GDI2/PLG/F2/NHP2/GSK3B/HSPD1",18,"up"
"werner syndrome","werner syndrome","10/250","155/17907",0.0645161290322581,4.62116129032258,5.38766904044693,6.56064209945496e-05,0.00229442729861761,0.00168959002013361,"RPS3/MUS81/HPRT1/NEFL/HNRNPU/PLG/RBPMS/POLM/RIPK2/XRCC5",10,"up"
"filariasis","filariasis","12/250","221/17907",0.0542986425339367,3.88930316742081,5.14262996564794,6.71515549201403e-05,0.00231672864474484,0.00170601247634951,"DES/HP/P4HB/NEFH/KRT31/INA/TXN/HNRNPU/MPO/ALAD/TPT1/HSPD1",12,"up"
"fibrosarcoma","fibrosarcoma","17/250","412/17907",0.0412621359223301,2.95552427184466,4.77821493348769,7.18389129922761e-05,0.00241562442610041,0.00177883819861683,"DES/S100A6/HSP90B1/KRT10/RPS3/HPRT1/MYL6/IQGAP1/HSPA1B/SERPINE1/CTSB/HSPA1A/PGK1/KIT/PLG/F2/IGFBP7",17,"up"
"brain infarction","brain infarction","15/250","333/17907",0.045045045045045,3.22648648648649,4.87997621414622,7.27446893611315e-05,0.00241562442610041,0.00177883819861683,"KNG1/SERPINE1/INA/CTSB/FABP3/TXN/NEFL/SAR1B/SERPINC1/APOE/MPO/PLG/FGB/F2/TTR",15,"up"
"posterior uveitis","posterior uveitis","6/250","51/17907",0.117647058823529,8.42682352941176,6.31985246582262,7.42148779151827e-05,0.00241562442610041,0.00177883819861683,"P4HB/NME1/HSPA1B/HSPB1/HSPA1A/PRDX4",6,"up"
"keratinizing squamous cell carcinoma","keratinizing squamous cell carcinoma","5/250","32/17907",0.15625,11.191875,6.86620693882062,7.53994218283163e-05,0.00241562442610041,0.00177883819861683,"KRT18/KRT10/KRT17/KRT14/TG",5,"up"
"post-thrombotic syndrome","post-thrombotic syndrome","4/250","17/17907",0.235294117647059,16.8536470588235,7.78142815135939,7.6501842758134e-05,0.00241562442610041,0.00177883819861683,"EZR/SERPINC1/PLG/F2",4,"up"
"sneddon syndrome","sneddon syndrome","4/250","17/17907",0.235294117647059,16.8536470588235,7.78142815135939,7.6501842758134e-05,0.00241562442610041,0.00177883819861683,"SERPINC1/ADA/F2/ARSA",4,"up"
"acute myocardial infarction","acute myocardial infarction","16/250","374/17907",0.0427807486631016,3.06429946524064,4.80055246752729,7.70257248906782e-05,0.00241562442610041,0.00177883819861683,"HBB/ST7L/KNG1/HP/SERPINE1/FABP3/TXN/LDHB/SERPINC1/APOE/MPO/PLG/F2/TTR/MYL3/HSPD1",16,"up"
"urticaria","urticaria","13/250","260/17907",0.05,3.5814,4.98904444372149,7.79876880154915e-05,0.00241562442610041,0.00177883819861683,"IGHM/KRT1/KNG1/EEF1B2/INA/SERPINC1/CCR3/MPO/PLG/TG/F2/RPS19/TPT1",13,"up"
"actinic keratosis","actinic keratosis","9/250","128/17907",0.0703125,5.03634375,5.45318587390903,7.85338140878708e-05,0.00241562442610041,0.00177883819861683,"KRT18/S100A6/KRT19/KRT1/KRT10/EZR/CALML3/KRT14/KRT15",9,"up"
"cerebral infarction","cerebral infarction","13/250","261/17907",0.0498084291187739,3.56767816091954,4.97219942956497,8.1073126581685e-05,0.00246404395432193,0.00181449378539962,"KNG1/SERPINE1/INA/FABP3/TXN/NEFL/SERPINC1/APOE/MPO/PLG/FGB/F2/TTR",13,"up"
"breast disease","breast disease","17/250","417/17907",0.0407673860911271,2.92008633093525,4.72068165842314,8.32337277424599e-05,0.00247616250450554,0.00182341774714861,"ACTA1/KRT19/HP/HNRNPK/CTSB/LDHB/KRT14/SERPINC1/HNRNPU/MPO/KCNAB2/GATM/PLG/F2/A2M/GSTP1/HSPD1",17,"up"
"retinal vascular occlusion","retinal vascular occlusion","9/250","129/17907",0.0697674418604651,4.9973023255814,5.4216469854685,8.34116629014792e-05,0.00247616250450554,0.00182341774714861,"SERPINE1/SERPINC1/MPO/VCL/PLG/FGB/F2/IGFBP7/TPT1",9,"up"
"intracranial thrombosis","intracranial thrombosis","8/250","101/17907",0.0792079207920792,5.67350495049505,5.60442478901597,8.5238764212116e-05,0.0024861214372385,0.00183075139130763,"KNG1/P4HB/SERPINE1/SERPINC1/APOE/PLG/TLN1/F2",8,"up"
"thoracic disease","thoracic disease","17/250","418/17907",0.0406698564593301,2.9131004784689,4.7092773450124,8.56947459761019e-05,0.0024861214372385,0.00183075139130763,"ACTA1/KRT19/HP/HNRNPK/CTSB/LDHB/KRT14/SERPINC1/HNRNPU/MPO/KCNAB2/GATM/PLG/F2/A2M/GSTP1/HSPD1",17,"up"
"x-linked ichthyosis","x-linked ichthyosis","6/250","53/17907",0.113207547169811,8.10883018867925,6.16707380171689,9.24284036862937e-05,0.00265134510798997,0.00195242021269924,"KRT1/KRT10/KRT17/ALDOA/KRT6A/ARSA",6,"up"
"viral hepatitis","viral hepatitis","12/250","229/17907",0.0524017467248908,3.75343231441048,4.98983766966896,9.42969963427902e-05,0.00267489146292382,0.00196975947916051,"ACTA1/KRT18/HBE1/KRT19/HP/SERPINC1/PLG/ADA/F2/RHOC/TTR/A2M",12,"up"
"fetal erythroblastosis","fetal erythroblastosis","4/250","18/17907",0.222222222222222,15.9173333333333,7.53434062700402,9.72842474930603e-05,0.00272717207196018,0.00200825832169414,"HBE1/TFRC/HBZ/ADA",4,"up"
"inherited blood coagulation disease","inherited blood coagulation disease","12/250","230/17907",0.0521739130434783,3.73711304347826,4.9712225647478,9.82764710616281e-05,0.00272717207196018,0.00200825832169414,"KNG1/PAFAH1B2/SERPINE1/KRT31/FGG/SERPINC1/CFHR1/PLG/FGB/TLN1/F2/TPT1",12,"up"
"aortic disease","aortic disease","16/250","384/17907",0.0416666666666667,2.9845,4.67760258520774,0.00010471755114904,0.00287466567831718,0.0021168709264537,"ACTA1/HP/PPIA/SERPINE1/CTSB/DSTN/SERPINC1/MYL12A/APOE/MPO/BNIP1/MBD1/PLG/F2/A2M/MYL12B",16,"up"
"hepatic coma","hepatic coma","6/250","56/17907",0.107142857142857,7.67442857142857,5.95233909233099,0.00012623731875157,0.00342855185928467,0.00252474637503141,"HBE1/NME2/ASS1/SERPINC1/F2/TTR",6,"up"
"hidradenoma","hidradenoma","6/250","57/17907",0.105263157894737,7.53978947368421,5.88427446166097,0.000139457914723208,0.00372176114301051,0.00274066233797876,"DES/S100A6/KRT10/VIM/KRT15/TG",6,"up"
"obstructive jaundice","obstructive jaundice","9/250","138/17907",0.0652173913043478,4.67139130434783,5.15168808628239,0.00013994871513083,0.00372176114301051,0.00274066233797876,"HP/TFRC/ASS1/ALDOA/SERPINC1/MPO/ALDOC/F2/TTR",9,"up"
"skin squamous cell carcinoma","skin squamous cell carcinoma","10/250","171/17907",0.0584795321637427,4.18877192982456,4.98545165779298,0.000148434597409536,0.0038841232029153,0.00286022390187261,"S100A6/MSN/KRT1/RDX/KRT10/KRT4/EZR/KRT17/NME2/KRT15",10,"up"
"cardiovascular cancer","cardiovascular cancer","11/250","205/17907",0.0536585365853659,3.84345365853659,4.87217358550448,0.000149617135850762,0.0038841232029153,0.00286022390187261,"DES/S100A6/KRT19/SLC2A1/NEFH/VIM/KRT14/KRT15/KIT/MPO/PROX1",11,"up"
"angiokeratoma","angiokeratoma","4/250","20/17907",0.2,14.3256,7.09486037337669,0.000150686194064547,0.0038841232029153,0.00286022390187261,"SLC2A1/VIM/CTSB/PROX1",4,"up"
"cholesteatoma of middle ear","cholesteatoma of middle ear","6/250","58/17907",0.103448275862069,7.40979310344828,5.81784168984006,0.000153751626555323,0.0038841232029153,0.00286022390187261,"HSP90B1/PRDX2/KRT1/KRT10/KRT13/PGK1",6,"up"
"middle ear cholesteatoma","middle ear cholesteatoma","6/250","58/17907",0.103448275862069,7.40979310344828,5.81784168984006,0.000153751626555323,0.0038841232029153,0.00286022390187261,"HSP90B1/PRDX2/KRT1/KRT10/KRT13/PGK1",6,"up"
"splenic disease","splenic disease","8/250","110/17907",0.0727272727272727,5.20930909090909,5.26919893734986,0.000155182360633514,0.0038841232029153,0.00286022390187261,"HBB/HBE1/KRT84/HP/PKM/SERPINC1/ADA/F2",8,"up"
"hereditary spherocytosis","hereditary spherocytosis","7/250","83/17907",0.0843373493975904,6.0409156626506,5.47717638299219,0.000160041989775886,0.0039668660184256,0.00292115476484142,"HBB/PRDX2/HP/PKM/TFRC/SLC4A1/MBD1",7,"up"
"alcoholic liver cirrhosis","alcoholic liver cirrhosis","9/250","141/17907",0.0638297872340425,4.572,5.0668379367326,0.000164757978177079,0.00404449152198157,0.00297831729781643,"TMBIM6/HP/GC/TFRC/SERPINC1/PLG/ADA/F2/TTR",9,"up"
"dengue disease","dengue disease","12/250","244/17907",0.0491803278688525,3.52268852459016,4.72103419685589,0.000171136411962526,0.00416105961657457,0.00306415670942428,"RPL14/HNRNPK/GC/P4HB/SERPINE1/SERPINC1/LGALS9/PRDX4/PLG/F2/RAB18/HPX",12,"up"
"non-langerhans-cell histiocytosis","non-langerhans-cell histiocytosis","9/250","142/17907",0.0633802816901408,4.53980281690141,5.03908254657793,0.000173801053959756,0.00418598198829488,0.00308250925890888,"CTSB/FABP3/PGK1/CCR3/APOE/SERPINB8/FSCN1/GDI2/ARSA",9,"up"
"perineurioma","perineurioma","5/250","38/17907",0.131578947368421,9.42473684210526,6.18598487481501,0.000175543951755738,0.00418844587693831,0.00308432363832512,"S100A6/SLC2A1/FABP3/KRT14/KIT",5,"up"
"Familial visceral amyloidosis","Familial visceral amyloidosis","4/250","21/17907",0.19047619047619,13.6434285714286,6.8980879841929,0.000184109532891303,0.00426263217185162,0.00313895357739171,"HBB/HBZ/APOE/TTR",4,"up"
"kidney cortex necrosis","kidney cortex necrosis","4/250","21/17907",0.19047619047619,13.6434285714286,6.8980879841929,0.000184109532891303,0.00426263217185162,0.00313895357739171,"SERPINE1/PLG/F2/GSTP1",4,"up"
"uremia","uremia","11/250","210/17907",0.0523809523809524,3.75194285714286,4.773204809586,0.00018471654590265,0.00426263217185162,0.00313895357739171,"PKM/S100G/DSTN/SERPINC1/APOE/MPO/GATM/PLG/F2/TTR/ALAD",11,"up"
"nemaline myopathy","nemaline myopathy","6/250","60/17907",0.1,7.1628,5.68960246580437,0.000185806412300278,0.00426263217185162,0.00313895357739171,"DES/ACTA1/ACTC1/NEFL/DSTN/VCL",6,"up"
"venous insufficiency","venous insufficiency","8/250","113/17907",0.0707964601769911,5.07100884955752,5.16553502916183,0.000187001489716953,0.00426263217185162,0.00313895357739171,"EZR/KNG1/SERPINE1/SERPINC1/MPO/PLG/F2/TTR",8,"up"
"nephrotic syndrome","nephrotic syndrome","14/250","326/17907",0.0429447852760736,3.0760490797546,4.50127415999424,0.000207494465189713,0.00468790592592333,0.00345212030581115,"HBE1/EZR/KNG1/HP/GC/IQGAP1/SERPINE1/SERPINC1/APOE/MPO/PLG/F2/TTR/HPX",14,"up"
"familial juvenile hyperuricemic nephropathy","familial juvenile hyperuricemic nephropathy","4/250","22/17907",0.181818181818182,13.0232727272727,6.71429475229498,0.000222567114969723,0.00497273304829017,0.0036618637410049,"HPRT1/CRYM/LGALS9/GSK3B",4,"up"
"spotted fever","spotted fever","8/250","116/17907",0.0689655172413793,4.93986206896552,5.06548074111328,0.000223996984157215,0.00497273304829017,0.0036618637410049,"EZR/KNG1/SERPINC1/CDC42/VCL/PLG/F2/HSPD1",8,"up"
"plasmodium falciparum malaria","plasmodium falciparum malaria","10/250","181/17907",0.0552486187845304,3.95734806629834,4.75824930521702,0.000235648745900683,0.00518630386452106,0.00381913484735589,"HBB/HBE1/KRT84/HP/FABP3/SERPINC1/KCNAB2/ADA/F2/HPX",10,"up"
"antithrombin iii deficiency","antithrombin iii deficiency","4/250","23/17907",0.173913043478261,12.4570434782609,6.54206695352902,0.000266484459366492,0.00581482756207396,0.00428197250947867,"SERPINC1/PLG/F2/TPT1",4,"up"
"keratoconjunctivitis","keratoconjunctivitis","14/250","335/17907",0.0417910447761194,2.99340895522388,4.3824709612407,0.000274054140147216,0.00592932389657493,0.00436628630065056,"KRT1/KRT10/IQGAP1/KRT14/KRT15/CCR3/MPO/KCNAB2/FSCN1/LGALS9/CRYZ/TTR/IGFBP7/HPX",14,"up"
"Thrombophilia","Thrombophilia","3/250","10/17907",0.3,21.4884,7.71132063270236,0.000300068299276922,0.00643759973154606,0.00474057481210599,"SERPINC1/PLG/F2",3,"up"
"leukocyte adhesion deficiency","leukocyte adhesion deficiency","7/250","92/17907",0.0760869565217391,5.44995652173913,5.09175623611605,0.000303675805132002,0.00645930330469776,0.00475655707513976,"MSN/RDX/EZR/PKM/PGK1/MPO/TLN1",7,"up"
"brain edema","brain edema","10/250","187/17907",0.053475935828877,3.8303743315508,4.62960200456041,0.000306140109623357,0.00645930330469776,0.00475655707513976,"SLC2A1/KNG1/TFRC/ASS1/FABP3/HSPA1A/MPO/PLG/F2/MYL12B",10,"up"
"low tension glaucoma","low tension glaucoma","8/250","122/17907",0.0655737704918033,4.69691803278689,4.875325741483,0.000316053010360977,0.0065650435294162,0.004834422967216,"RDX/KNG1/RAB12/TFRC/APOE/RPGRIP1/PADI2/TPT1",8,"up"
"factor xii deficiency","factor xii deficiency","4/250","24/17907",0.166666666666667,11.938,6.38019845410048,0.000316294694131685,0.0065650435294162,0.004834422967216,"KNG1/SERPINC1/PLG/F2",4,"up"
"dengue hemorrhagic fever","dengue hemorrhagic fever","8/250","123/17907",0.0650406504065041,4.65873170731707,4.84483767681477,0.000334033370713586,0.00682229756345428,0.00502386189553233,"HNRNPK/SERPINE1/SERPINC1/LGALS9/PRDX4/PLG/F2/RAB18",8,"up"
"hemolytic-uremic syndrome","hemolytic-uremic syndrome","8/250","123/17907",0.0650406504065041,4.65873170731707,4.84483767681477,0.000334033370713586,0.00682229756345428,0.00502386189553233,"HP/RPS3/SERPINC1/CFHR1/PLG/FGB/F2/HPX",8,"up"
"aortic aneurysm","aortic aneurysm","13/250","302/17907",0.043046357615894,3.08332450331126,4.34463418036069,0.00034054335195654,0.00686449415821743,0.00505493498529133,"ACTA1/HP/PPIA/SERPINE1/CTSB/DSTN/SERPINC1/APOE/MPO/BNIP1/PLG/F2/MYL12B",13,"up"
"keratosis follicularis","keratosis follicularis","6/250","67/17907",0.0895522388059701,6.41444776119403,5.28329645285468,0.000341476991027659,0.00686449415821743,0.00505493498529133,"KRT1/KRT10/KRT4/KRT13/VCL/PLG",6,"up"
"babesiosis","babesiosis","7/250","94/17907",0.074468085106383,5.334,5.0129703479337,0.000346551497355455,0.00691207791209748,0.00508997511740825,"HP/PPIA/PKM/RPLP2/SERPINC1/NCR1/F2",7,"up"
"middle ear disease","middle ear disease","16/250","428/17907",0.0373831775700935,2.67768224299065,4.18007560669736,0.000356462176191564,0.00705463516137257,0.0051949526452724,"HSP90B1/PRDX2/KRT1/KRT10/KRT4/KNG1/HP/TFRC/CTSB/KRT14/KRT13/PGK1/MPO/CFHR1/PLG/HPX",16,"up"
"abdominal aortic aneurysm","abdominal aortic aneurysm","10/250","191/17907",0.0523560209424084,3.75015706806283,4.54676158313413,0.000362301743107829,0.00711504884734067,0.00523944059263629,"HP/PPIA/SERPINE1/CTSB/SERPINC1/APOE/MPO/BNIP1/PLG/F2",10,"up"
"restrictive cardiomyopathy","restrictive cardiomyopathy","6/250","68/17907",0.0882352941176471,6.32011764705882,5.22999502486133,0.000370205206990901,0.00721476254540283,0.00531286861941141,"DES/ACTC1/MYL12A/VCL/TTR/MYL3",6,"up"
"perivascular tumor","perivascular tumor","7/250","96/17907",0.0729166666666667,5.222875,4.93640208191515,0.00039414702285114,0.00757568146636505,0.00557864518478899,"DES/S100A6/NEFH/VIM/KRT14/KRT15/KIT",7,"up"
"central retinal vein occlusion","central retinal vein occlusion","5/250","45/17907",0.111111111111111,7.95866666666667,5.56132254205745,0.000394659473179221,0.00757568146636505,0.00557864518478899,"SERPINE1/SERPINC1/VCL/PLG/F2",5,"up"
"acute cor pulmonale","acute cor pulmonale","3/250","11/17907",0.272727272727273,19.5349090909091,7.31677420930801,0.000408344520355694,0.0077222485960599,0.00568657554273114,"SERPINE1/VCL/PLG",3,"up"
"acute pulmonary heart disease","acute pulmonary heart disease","3/250","11/17907",0.272727272727273,19.5349090909091,7.31677420930801,0.000408344520355694,0.0077222485960599,0.00568657554273114,"SERPINE1/VCL/PLG",3,"up"
"mucoepidermoid carcinoma","mucoepidermoid carcinoma","12/250","269/17907",0.0446096654275093,3.19530111524164,4.31674510094115,0.000417040233336529,0.00782870379197175,0.00576496793141672,"DES/KRT4/NME2/IQGAP1/SLC25A3/KRT14/KRT13/RNH1/FSCN1/TG/F2/RHOA",12,"up"
"thymus cancer","thymus cancer","14/250","350/17907",0.04,2.86512,4.19301564299961,0.00042582464752196,0.00793525784761726,0.00584343311927945,"KRT19/HSP90B1/KRT84/SLC2A1/TFRC/TXN/LDHB/KRT14/KRT13/KIT/DAP3/FSCN1/TG/SALL4",14,"up"
"embryoma","embryoma","4/250","26/17907",0.153846153846154,11.0196923076923,6.08353475345957,0.000435358683069652,0.00798357980479878,0.00587901685586436,"KRT14/MPO/SERPINB8/ARSA",4,"up"
"cutaneous mycosis","cutaneous mycosis","8/250","128/17907",0.0625,4.47675,4.69716286852755,0.000436894450687639,0.00798357980479878,0.00587901685586436,"RPS3/PKM/ALDOA/CTSB/CTNNA3/ALDOC/XRCC5/TPT1",8,"up"
"protein c deficiency","protein c deficiency","5/250","46/17907",0.108695652173913,7.78565217391304,5.48312896646051,0.000437799127564367,0.00798357980479878,0.00587901685586436,"PAFAH1B2/SERPINE1/SERPINC1/PLG/F2",5,"up"
"hemochromatosis","hemochromatosis","8/250","129/17907",0.062015503875969,4.44204651162791,4.66853882284112,0.000460265213516475,0.0083337382277132,0.006136869513553,"HP/PKM/TFRC/APOE/SMAD5/F2/ALAD/HPX",8,"up"
"choroideremia","choroideremia","5/250","47/17907",0.106382978723404,7.62,5.40725719312996,0.000484399215246549,0.00864805032534573,0.00636832534729729,"PGK1/GDI2/GDI1/VDAC1/ARSA",5,"up"
"rocky mountain spotted fever","rocky mountain spotted fever","5/250","47/17907",0.106382978723404,7.62,5.40725719312996,0.000484399215246549,0.00864805032534573,0.00636832534729729,"EZR/KNG1/VCL/PLG/HSPD1",5,"up"
"essential hypertension","essential hypertension","15/250","398/17907",0.0376884422110553,2.69954773869347,4.07995213982194,0.000499067691730046,0.00877933822409619,0.00646500425432857,"HBB/KNG1/HP/NEFH/SERPINE1/SERPINC1/APOE/SLC4A1/CCT4/PLG/F2/RHOA/RPS19/RPL6/IGFBPL1",15,"up"
"vascular cancer","vascular cancer","9/250","164/17907",0.0548780487804878,3.93080487804878,4.48648416619145,0.000505212526634419,0.00877933822409619,0.00646500425432857,"DES/S100A6/SLC2A1/NEFH/VIM/KRT14/KRT15/KIT/PROX1",9,"up"
"splenic infarction","splenic infarction","4/250","27/17907",0.148148148148148,10.6115555555556,5.94706439801947,0.000505508311375691,0.00877933822409619,0.00646500425432857,"HBB/PKM/SERPINC1/F2",4,"up"
"splenic sequestration","splenic sequestration","4/250","27/17907",0.148148148148148,10.6115555555556,5.94706439801947,0.000505508311375691,0.00877933822409619,0.00646500425432857,"HBB/HBE1/KRT84/F2",4,"up"
"palmoplantar keratosis","palmoplantar keratosis","8/250","131/17907",0.0610687022900763,4.37422900763359,4.61215631105757,0.000510052367831704,0.00879840334509689,0.0064790435913757,"DES/KRT1/KRT10/KRT17/KRT6A/KRT14/KRT24/LIPH",8,"up"
"pick's disease","pick's disease","7/250","101/17907",0.0693069306930693,4.96431683168317,4.75397282304043,0.000536250539798271,0.00915141084239908,0.00673899427485714,"NEFH/NEFM/HSPB1/PRDX1/APOE/MAOA/GSK3B",7,"up"
"end stage renal failure","end stage renal failure","15/250","401/17907",0.0374064837905237,2.67935162094763,4.04698130289998,0.000539393623725162,0.00915141084239908,0.00673899427485714,"HBE1/KNG1/HP/GC/RAB26/TFRC/SERPINE1/SERPINC1/APOE/MPO/CFHR1/PLG/F2/TTR/ALAD",15,"up"
"bilirubin metabolic disorder","bilirubin metabolic disorder","10/250","201/17907",0.0497512437810945,3.56358208955224,4.34906464786481,0.000541270284842249,0.00915141084239908,0.00673899427485714,"HBE1/MSN/RDX/EZR/HP/PKM/SERPINC1/F2/GSTP1/HPX",10,"up"
"hypersensitivity reaction type iv disease","hypersensitivity reaction type iv disease","16/250","446/17907",0.0358744394618834,2.56961434977578,3.99426311235021,0.000558203098151178,0.00937560861565762,0.0069040909508172,"ACTA1/HBE1/ENO1/KNG1/HP/TFRC/HSPA1L/PRDX1/CCR3/MPO/FSCN1/PLG/ADA/TTR/RIPK2/HSPD1",16,"up"
"hepatitis b","hepatitis b","15/250","404/17907",0.0371287128712871,2.65945544554455,4.01430964301173,0.000582473552220628,0.0096705792239822,0.00712130393305388,"KRT18/HBE1/KRT19/HSP90B1/HP/TFRC/SERPINC1/SLC4A1/RHOV/LGALS9/TG/F2/RHOC/TTR/OTUB1",15,"up"
"factor xiii deficiency","factor xiii deficiency","4/250","28/17907",0.142857142857143,10.2325714285714,5.81756059686991,0.000583340854090583,0.0096705792239822,0.00712130393305388,"SERPINE1/SERPINC1/PLG/F2",4,"up"
"childhood electroclinical syndrome","childhood electroclinical syndrome","7/250","103/17907",0.0679611650485437,4.86792233009709,4.68433989722715,0.000603381741551555,0.00993828120116852,0.00731843660720596,"SLC2A1/CTSB/CTNNA3/FSCN1/PLG/ADA/TPT1",7,"up"
"chagas disease","chagas disease","12/250","281/17907",0.0427046263345196,3.05884697508897,4.13915015619001,0.000614690361537537,0.0100596441859316,0.0074078069210934,"PZP/ACTC1/KRT18/KNG1/NME2/CTSB/SLC25A3/MPO/VCL/RNH1/ADA/A2M",12,"up"
"pseudotumor cerebri","pseudotumor cerebri","6/250","75/17907",0.08,5.73024,4.88455063628918,0.000628010486669746,0.010212170525273,0.00752012557286066,"DES/HP/GC/SERPINC1/F2/HPX",6,"up"
"porphyria cutanea tarda","porphyria cutanea tarda","5/250","50/17907",0.1,7.1628,5.19241818994923,0.000646735330188187,0.0104500968225977,0.00769533177692274,"ACTA1/HP/TFRC/ALAD/HPX",5,"up"
"vein disease","vein disease","16/250","453/17907",0.0353200883002208,2.52990728476821,3.92443882556474,0.000659684315552788,0.0105922896704797,0.00780004096376881,"EZR/KNG1/HP/HSPA1B/HINT1/SERPINE1/FGG/SERPINC1/MPO/KCNAB2/VCL/RNH1/BLVRB/PLG/F2/TTR",16,"up"
"erdheim-chester disease","erdheim-chester disease","4/250","29/17907",0.137931034482759,9.87972413793103,5.69442454146794,0.000669313882379341,0.0106134058491581,0.00781559067623081,"FABP3/PGK1/CCR3/FSCN1",4,"up"
"skull base chordoma","skull base chordoma","4/250","29/17907",0.137931034482759,9.87972413793103,5.69442454146794,0.000669313882379341,0.0106134058491581,0.00781559067623081,"SERPINE1/CTSB/FSCN1/CD24",4,"up"
"echinococcosis","echinococcosis","8/250","137/17907",0.0583941605839416,4.18265693430657,4.4495616984371,0.00068615521236484,0.0107273534299779,0.00789950037146826,"MSN/RDX/EZR/ALDOA/EEF1B2/TXN/ALDOC/TPT1",8,"up"
"cutaneous anthrax","cutaneous anthrax","3/250","13/17907",0.230769230769231,16.5295384615385,6.66480341864464,0.000693307213453331,0.0107273534299779,0.00789950037146826,"PRDX1/ADA/HSPD1",3,"up"
"hemoglobin c disease","hemoglobin c disease","3/250","13/17907",0.230769230769231,16.5295384615385,6.66480341864464,0.000693307213453331,0.0107273534299779,0.00789950037146826,"HBB/HBE1/PKM",3,"up"
"korean hemorrhagic fever","korean hemorrhagic fever","3/250","13/17907",0.230769230769231,16.5295384615385,6.66480341864464,0.000693307213453331,0.0107273534299779,0.00789950037146826,"SERPINC1/PLG/F2",3,"up"
"angioedema","angioedema","7/250","106/17907",0.0660377358490566,4.73015094339623,4.5831911925521,0.000716420198526077,0.0110181973905848,0.00811367453752424,"IGHM/KRT1/KNG1/INA/SERPINC1/PLG/F2",7,"up"
"malignant pleural mesothelioma","malignant pleural mesothelioma","10/250","210/17907",0.0476190476190476,3.41085714285714,4.18159660533719,0.000759804644023964,0.011495658403927,0.00846527136677745,"SLC2A1/NME2/EIF4A2/NME1/ASS1/ALDOA/EEF1B2/TXN/CCAR1/MYL3",10,"up"
"breast adenocarcinoma","breast adenocarcinoma","13/250","329/17907",0.0395136778115502,2.83028571428571,3.98696978858028,0.000760973862226271,0.011495658403927,0.00846527136677745,"S100A6/KRT19/HSP90B1/SLC2A1/TXN/KRT14/KRT15/FSCN1/PLG/CD24/TG/F2/GGPS1",13,"up"
"gallbladder disease","gallbladder disease","13/250","329/17907",0.0395136778115502,2.83028571428571,3.98696978858028,0.000760973862226271,0.011495658403927,0.00846527136677745,"ACTA1/HBB/SLC2A1/KNG1/HP/PKM/CTSB/TXN/SERPINC1/APOE/MPO/F2/TTR",13,"up"
"giardiasis","giardiasis","6/250","78/17907",0.0769230769230769,5.50984615384615,4.74959273517591,0.00077375178629046,0.0115117439356726,0.00847711656837625,"ENO1/HPRT1/ALDOA/TXN/PRDX1/ALDOC",6,"up"
"vascular skin disease","vascular skin disease","14/250","372/17907",0.0376344086021505,2.69567741935484,3.93253555272545,0.000775022607681178,0.0115117439356726,0.00847711656837625,"IGHM/HBE1/KRT1/KNG1/EEF1B2/INA/SERPINC1/CCR3/MPO/PLG/TG/F2/TPT1/HSPD1",14,"up"
"verrucous carcinoma","verrucous carcinoma","5/250","52/17907",0.0961538461538462,6.88730769230769,5.05882102295785,0.000775565983915274,0.0115117439356726,0.00847711656837625,"MSN/RDX/EZR/KRT14/CRYZ",5,"up"
"bile duct cancer","bile duct cancer","16/250","461/17907",0.03470715835141,2.48600433839479,3.84621397822078,0.000794612895508509,0.0117262816314059,0.00863509967373408,"ACTA1/S100A6/ENO1/KRT19/KRT17/RPLP2/KIT/FSCN1/BLVRB/CCT6A/CD24/F2/RHOC/TTR/SALL4/FABP5",16,"up"
"plasma protein metabolism disease","plasma protein metabolism disease","11/250","250/17907",0.044,3.151632,4.0765275001411,0.000806960261241699,0.0118400548675291,0.008718880983531,"KRT18/KRT84/GC/SERPINC1/MPO/CD24/TG/ADA/F2/TTR/GSTP1",11,"up"
"polycythemia","polycythemia","12/250","291/17907",0.0412371134020619,2.95373195876289,3.9982381637777,0.000834634987243757,0.0121761321281904,0.00896636443439008,"HBB/RAB4A/PKM/TFRC/SERPINE1/SERPINC1/PGK1/MPO/MBD1/PLG/F2/ALAD",12,"up"
"clonorchiasis","clonorchiasis","5/250","53/17907",0.0943396226415094,6.75735849056604,4.99464099885312,0.00084672614852246,0.0122823400976014,0.0090445747683081,"PPIA/CTSB/PGK1/MYL12A/PLG",5,"up"
"nail disease","nail disease","4/250","31/17907",0.129032258064516,9.24232258064516,5.46520072631469,0.000867523077884193,0.0125129176149059,0.00921436941481516,"DES/KRT17/KRT6A/SALL4",4,"up"
"congenital ichthyosiform erythroderma","congenital ichthyosiform erythroderma","6/250","80/17907",0.075,5.3721,4.66344419191603,0.000884545604960975,0.0126158934607004,0.00929019964986946,"KRT1/KRT10/KRT4/ALDOA/KRT14/KRT13",6,"up"
"thymic carcinoma","thymic carcinoma","6/250","80/17907",0.075,5.3721,4.66344419191603,0.000884545604960975,0.0126158934607004,0.00929019964986946,"KRT19/SLC2A1/KRT13/KIT/TG/SALL4",6,"up"
"essential tremor","essential tremor","7/250","110/17907",0.0636363636363636,4.55814545454545,4.45407449135031,0.000892530727073427,0.0126590608123248,0.00932198759387801,"NEFH/ASS1/NEFM/VIM/RBPMS/A2M/ALAD",7,"up"
"malignant mesothelioma","malignant mesothelioma","12/250","295/17907",0.0406779661016949,2.9136813559322,3.94354799947028,0.000939347664161375,0.0132196079006922,0.00973476805848073,"KRT18/RDX/SLC2A1/RAB12/EIF4A2/NME1/CTSB/TXN/NCR1/RNH1/CD24/ADA",12,"up"
"laryngeal squamous cell carcinoma","laryngeal squamous cell carcinoma","10/250","216/17907",0.0462962962962963,3.31611111111111,4.07493710770252,0.000942408397150794,0.0132196079006922,0.00973476805848073,"KRT4/EZR/MUS81/NME1/KRT31/CALML3/KRT13/CTNNA3/FSCN1/IGFBP7",10,"up"
"cholelithiasis","cholelithiasis","8/250","145/17907",0.0551724137931034,3.95188965517241,4.24667497764512,0.000993980007924942,0.0138668358482644,0.0102113793163874,"ACTA1/HBB/HP/PKM/SERPINC1/APOE/F2/TTR",8,"up"
"hepatic encephalopathy","hepatic encephalopathy","9/250","181/17907",0.0497237569060773,3.56161325966851,4.12152855862816,0.00102248038591562,0.0141869153545792,0.0104470822039205,"HBE1/GC/NME2/ASS1/FABP3/SERPINC1/F2/MAOA/TTR",9,"up"
"cholesteatoma","cholesteatoma","8/250","146/17907",0.0547945205479452,3.92482191780822,4.22233789680695,0.00103918357987738,0.0143407334023079,0.0105603520549702,"HSP90B1/PRDX2/KRT1/KRT10/KRT4/KRT14/KRT13/PGK1",8,"up"
"severe pre-eclampsia","severe pre-eclampsia","10/250","219/17907",0.045662100456621,3.27068493150685,4.02300346368967,0.00104638381456652,0.0143624617128404,0.0105763525343282,"HP/HSPA1B/SERPINE1/DUSP9/SERPINC1/CTNNA3/PLG/F2/TTR/GSTP1",10,"up"
"hemoglobinuria","hemoglobinuria","6/250","83/17907",0.072289156626506,5.17792771084337,4.53950205063489,0.00107318636777574,0.0143664578930765,0.0105792952757476,"KRT84/HP/PKM/VCL/F2/HPX",6,"up"
"megaloblastic anemia","megaloblastic anemia","6/250","83/17907",0.072289156626506,5.17792771084337,4.53950205063489,0.00107318636777574,0.0143664578930765,0.0105792952757476,"HBE1/HP/HPRT1/TFRC/MPO/MBD1",6,"up"
"acanthoma","acanthoma","3/250","15/17907",0.2,14.3256,6.14347072940565,0.00108043866645933,0.0143664578930765,0.0105792952757476,"KRT1/KRT10/KRT14",3,"up"
"congenital nonspherocytic hemolytic anemia","congenital nonspherocytic hemolytic anemia","3/250","15/17907",0.2,14.3256,6.14347072940565,0.00108043866645933,0.0143664578930765,0.0105792952757476,"PKM/PGK1/ADA",3,"up"
"squamous cell neoplasm","squamous cell neoplasm","3/250","15/17907",0.2,14.3256,6.14347072940565,0.00108043866645933,0.0143664578930765,0.0105792952757476,"KRT1/KRT10/KRT14",3,"up"
"testicular yolk sac tumor","testicular yolk sac tumor","3/250","15/17907",0.2,14.3256,6.14347072940565,0.00108043866645933,0.0143664578930765,0.0105792952757476,"HP/TTR/HPX",3,"up"
"chromophobe adenocarcinoma","chromophobe adenocarcinoma","4/250","33/17907",0.121212121212121,8.68218181818182,5.25583243445072,0.00110383193703923,0.0146014659858091,0.0107523525473252,"SLC2A1/PKM/VIM/KIT",4,"up"
"pleural cancer","pleural cancer","10/250","221/17907",0.0452488687782805,3.24108597285068,3.98887732153882,0.00112078251690063,0.0147492668332335,0.0108611914008927,"SLC2A1/NME2/EIF4A2/NME1/ASS1/ALDOA/EEF1B2/TXN/CCAR1/MYL3",10,"up"
"shigellosis","shigellosis","7/250","115/17907",0.0608695652173913,4.3599652173913,4.30112587570923,0.00115882025651683,0.0150942250759565,0.0111152147053655,"RDX/EZR/CDC42/VCL/FSCN1/TTR/A2M",7,"up"
"thrombotic thrombocytopenic purpura","thrombotic thrombocytopenic purpura","7/250","115/17907",0.0608695652173913,4.3599652173913,4.30112587570923,0.00115882025651683,0.0150942250759565,0.0111152147053655,"HP/SERPINE1/SERPINC1/MPO/CFHR1/PLG/F2",7,"up"
"atopic dermatitis","atopic dermatitis","16/250","482/17907",0.033195020746888,2.37769294605809,3.64838277314803,0.0012654959616825,0.0164000568029209,0.0120768142536198,"HBB/KRT1/KRT10/KRT17/KNG1/RAB12/KRT6A/KRT14/KRT72/CCR3/RPS5/RPRD1B/RIPK2/FABP5/TPT1/HSPD1",16,"up"
"phlebitis","phlebitis","7/250","117/17907",0.0598290598290598,4.2854358974359,4.24237242034018,0.00128129919739588,0.0165209941967256,0.0121658711671932,"EZR/FGG/SERPINC1/KCNAB2/PLG/F2/TTR",7,"up"
"breast benign neoplasm","breast benign neoplasm","9/250","189/17907",0.0476190476190476,3.41085714285714,3.96465924089694,0.00138309781439709,0.0176552436007789,0.0130011194553327,"PZP/DES/ACTA1/SLC2A1/KRT31/KRT14/KRT15/KCNAB2/PLG",9,"up"
"thoracic benign neoplasm","thoracic benign neoplasm","9/250","189/17907",0.0476190476190476,3.41085714285714,3.96465924089694,0.00138309781439709,0.0176552436007789,0.0130011194553327,"PZP/DES/ACTA1/SLC2A1/KRT31/KRT14/KRT15/KCNAB2/PLG",9,"up"
"histiocytosis","histiocytosis","12/250","310/17907",0.0387096774193548,2.77269677419355,3.74633681590667,0.00143456361759696,0.0181717554898374,0.013381472902818,"TFRC/VIM/CTSB/FABP3/PGK1/CCR3/APOE/MPO/SERPINB8/FSCN1/GDI2/ARSA",12,"up"
"trypanosomiasis","trypanosomiasis","15/250","442/17907",0.0339366515837104,2.43081447963801,3.62427382139385,0.00143779655657938,0.0181717554898374,0.013381472902818,"PZP/ACTC1/KRT18/KNG1/HP/NME2/TFRC/CTSB/SLC25A3/MPO/VCL/RNH1/ADA/F2/A2M",15,"up"
"hemorrhagic fever with renal syndrome","hemorrhagic fever with renal syndrome","7/250","120/17907",0.0583333333333333,4.1783,4.15666470974388,0.00148376014911265,0.0184534646529155,0.0135889203084532,"HBB/KNG1/TFRC/SERPINC1/PLG/F2/ALAD",7,"up"
"coronary thrombosis","coronary thrombosis","5/250","60/17907",0.0833333333333333,5.969,4.58746586820632,0.00148899871464966,0.0184534646529155,0.0135889203084532,"KNG1/SERPINE1/SERPINC1/PLG/F2",5,"up"
"erythropoietic protoporphyria","erythropoietic protoporphyria","5/250","60/17907",0.0833333333333333,5.969,4.58746586820632,0.00148899871464966,0.0184534646529155,0.0135889203084532,"S100A6/KRT84/TFRC/ALAD/HPX",5,"up"
"priapism","priapism","5/250","60/17907",0.0833333333333333,5.969,4.58746586820632,0.00148899871464966,0.0184534646529155,0.0135889203084532,"HBB/SLC4A1/ADA/F2/RHOA",5,"up"
"hypochromic microcytic anemia","hypochromic microcytic anemia","4/250","36/17907",0.111111111111111,7.95866666666667,4.9729454158404,0.00153782487883542,0.0188753217099366,0.0138995710202432,"HBB/HBE1/TFRC/ALAD",4,"up"
"protein s deficiency","protein s deficiency","4/250","36/17907",0.111111111111111,7.95866666666667,4.9729454158404,0.00153782487883542,0.0188753217099366,0.0138995710202432,"SERPINE1/SERPINC1/PLG/F2",4,"up"
"Primary cutaneous amyloidosis","Primary cutaneous amyloidosis","3/250","17/17907",0.176470588235294,12.6402352941176,5.71336388844876,0.00158175374845785,0.0193216139703966,0.0142282155363673,"KRT1/KRT14/APOE",3,"up"
"hyperhomocysteinemia","hyperhomocysteinemia","9/250","193/17907",0.0466321243523316,3.34016580310881,3.88935691519487,0.00159839567840612,0.019431924604623,0.014309447025731,"PRDX2/KNG1/SERPINE1/TXN/SERPINC1/APOE/PLG/F2/TTR",9,"up"
"hepatic vascular disease","hepatic vascular disease","11/250","273/17907",0.0402930402930403,2.88610989010989,3.73666129511401,0.00163820381877514,0.0198214898072651,0.0145963183852951,"KRT18/MSN/KNG1/HP/HINT1/VIM/SERPINC1/BLVRB/PLG/F2/MAOA",11,"up"
"pulmonary embolism","pulmonary embolism","8/250","157/17907",0.0509554140127389,3.64983439490446,3.96807814550216,0.00165350892471155,0.0199123032301348,0.0146631923512156,"HP/SERPINE1/FABP3/SERPINC1/MPO/PLG/F2/TTR",8,"up"
"bile duct carcinoma","bile duct carcinoma","15/250","449/17907",0.0334075723830735,2.39291759465479,3.55682244588219,0.00167618601808653,0.0200906239632625,0.0147945056995431,"ACTA1/S100A6/ENO1/KRT19/KRT17/RPLP2/KIT/FSCN1/BLVRB/CCT6A/CD24/F2/RHOC/SALL4/FABP5",15,"up"
"amebiasis","amebiasis","7/250","123/17907",0.0569105691056911,4.07639024390244,4.07370984115514,0.00171034996644837,0.0201368751692683,0.0148285645586465,"RDX/P4HB/CTSB/TXN/HNRNPU/RPS10/A2M",7,"up"
"Disease by infectious agent","Disease by infectious agent","13/250","360/17907",0.0361111111111111,2.58656666666667,3.6184199889788,0.00171444542362559,0.0201368751692683,0.0148285645586465,"HBB/HBE1/HSPA1B/HBG1/CTSB/HSPA1A/HSPA1L/APOE/KIAA1614/CFHR1/CYB5R3/RIPK2/SMIM14",13,"up"
"alpha 1-antitrypsin deficiency","alpha 1-antitrypsin deficiency","6/250","91/17907",0.0659340659340659,4.72272527472528,4.23630692721253,0.00172808964982937,0.0201368751692683,0.0148285645586465,"KRT18/GC/SERPINC1/MPO/TTR/GSTP1",6,"up"
"choroid disease","choroid disease","6/250","91/17907",0.0659340659340659,4.72272527472528,4.23630692721253,0.00172808964982937,0.0201368751692683,0.0148285645586465,"PGK1/GATM/GDI2/GDI1/VDAC1/ARSA",6,"up"
"macular holes","macular holes","6/250","91/17907",0.0659340659340659,4.72272527472528,4.23630692721253,0.00172808964982937,0.0201368751692683,0.0148285645586465,"KRT18/NEFH/GAS7/PLG/TTR/HPX",6,"up"
"peritonitis","peritonitis","12/250","317/17907",0.0378548895899054,2.71147003154574,3.65827918651972,0.00173044738656846,0.0201368751692683,0.0148285645586465,"KNG1/HP/SERPINE1/CTSB/SERPINC1/MPO/PLG/ADA/F2/TTR/RPS19/RIPK2",12,"up"
"sarcoidosis","sarcoidosis","11/250","275/17907",0.04,2.86512,3.70879794258023,0.00173525755473523,0.0201368751692683,0.0148285645586465,"KNG1/HP/TFRC/HSPA1L/PRDX1/CCR3/MPO/FSCN1/ADA/RIPK2/HSPD1",11,"up"
"thrombophilia","thrombophilia","11/250","276/17907",0.0398550724637681,2.85473913043478,3.69495997919667,0.00178551748566394,0.020603038352216,0.0151718417948163,"KNG1/HP/PAFAH1B2/SERPINE1/FGG/SERPINC1/MPO/CFHR1/PLG/FGB/F2",11,"up"
"primary pulmonary hypertension","primary pulmonary hypertension","7/250","124/17907",0.0564516129032258,4.04351612903226,4.04664188003248,0.0017915685523666,0.020603038352216,0.0151718417948163,"ACTC1/KNG1/SERPINE1/SERPINC1/KCNAB2/PLG/MAOA",7,"up"
"cholestasis","cholestasis","16/250","500/17907",0.032,2.292096,3.48681299135931,0.00183938593167468,0.0210580819890827,0.0155069307244323,"KRT18/KRT19/RDX/HP/PKM/TFRC/ASS1/ALDOA/SERPINC1/APOE/MPO/ALDOC/FSCN1/PLG/F2/TTR",16,"up"
"transitional meningioma","transitional meningioma","3/250","18/17907",0.166666666666667,11.938,5.52448724826845,0.00187864764865081,0.0214115511027032,0.0157672213368907,"MSN/RDX/EZR",3,"up"
"laryngeal carcinoma","laryngeal carcinoma","12/250","321/17907",0.0373831775700935,2.67768224299065,3.60902196772957,0.00192094107161985,0.0217889777602135,0.0160451540106547,"SLC2A1/KRT4/EZR/MUS81/NME2/NME1/KRT31/CALML3/KRT13/CTNNA3/FSCN1/IGFBP7",12,"up"
"communicating hydrocephalus","communicating hydrocephalus","6/250","93/17907",0.0645161290322581,4.62116129032258,4.1660018203059,0.00193111709875083,0.0217889777602135,0.0160451540106547,"DES/VIM/FABP3/APOE/TTR/HYDIN",6,"up"
"pleomorphic adenoma","pleomorphic adenoma","8/250","161/17907",0.0496894409937888,3.55915527950311,3.881237093186,0.00193736700022266,0.0217889777602135,0.0160451540106547,"S100A6/SLC2A1/KRT17/VIM/KRT6A/KRT14/SERPINB8/FSCN1",8,"up"
"chronic pulmonary heart disease","chronic pulmonary heart disease","7/250","126/17907",0.0555555555555556,3.97933333333333,3.99334758336309,0.00196296879744236,0.0219800848239927,0.01618588306663,"ACTC1/KNG1/SERPINE1/SERPINC1/KCNAB2/PLG/MAOA",7,"up"
"malignant teratoma","malignant teratoma","5/250","64/17907",0.078125,5.5959375,4.38269248643245,0.00198707424988126,0.0221528408731304,0.0163130986453134,"S100A6/KRT19/INA/TG/SALL4",5,"up"
"endocardium disease","endocardium disease","11/250","281/17907",0.0391459074733096,2.80394306049822,3.62668585424929,0.00205497121910679,0.0227718313058157,0.0167689161202247,"ENO1/HP/PPIA/SERPINE1/FABP3/SERPINC1/MPO/RNH1/PLG/F2/HSPD1",11,"up"
"cartilage-hair hypoplasia","cartilage-hair hypoplasia","4/250","39/17907",0.102564102564103,7.34646153846154,4.72103064974583,0.00207827524255976,0.0227718313058157,0.0167689161202247,"NME1/SLC25A4/ADA/RPS19",4,"up"
"intraductal papilloma","intraductal papilloma","4/250","39/17907",0.102564102564103,7.34646153846154,4.72103064974583,0.00207827524255976,0.0227718313058157,0.0167689161202247,"ACTA1/KRT18/SLC2A1/KRT14",4,"up"
"Palmoplantar keratosis","Palmoplantar keratosis","4/250","39/17907",0.102564102564103,7.34646153846154,4.72103064974583,0.00207827524255976,0.0227718313058157,0.0167689161202247,"KRT1/KRT17/KRT6A/KRT14",4,"up"
"fatty liver disease","fatty liver disease","13/250","369/17907",0.035230352303523,2.52347967479675,3.51860609504616,0.0021287431815337,0.0231263035849172,0.0170299454522696,"PZP/KRT18/HP/EIF4A2/SERPINE1/FABP3/TXN/APOE/PLG/TFB2M/SAMM50/F2/RAB18",13,"up"
"nervous system benign neoplasm","nervous system benign neoplasm","13/250","369/17907",0.035230352303523,2.52347967479675,3.51860609504616,0.0021287431815337,0.0231263035849172,0.0170299454522696,"KRT19/KRT84/SLC2A1/EZR/GC/NEFM/KRT14/CDC42/KIT/FSCN1/ALAD/GSK3B/FABP5",13,"up"
"infective endocarditis","infective endocarditis","7/250","128/17907",0.0546875,3.91715625,3.94113986314606,0.00214680717634152,0.0231784475448735,0.0170683436679836,"ENO1/PPIA/SERPINE1/SERPINC1/MPO/PLG/F2",7,"up"
"cervix uteri carcinoma in situ","cervix uteri carcinoma in situ","6/250","95/17907",0.0631578947368421,4.52387368421053,4.09766667459774,0.0021517007709107,0.0231784475448735,0.0170683436679836,"SLC2A1/KRT10/KRT4/KRT17/KRT13/XRCC5",6,"up"
"Familial hypertrophic cardiomyopathy","Familial hypertrophic cardiomyopathy","3/250","19/17907",0.157894736842105,11.3096842105263,5.34997935545747,0.00220804154772872,0.0234880419639642,0.0172963254572083,"ACTC1/VCL/MYL3",3,"up"
"granulomatous amebic encephalitis","granulomatous amebic encephalitis","3/250","19/17907",0.157894736842105,11.3096842105263,5.34997935545747,0.00220804154772872,0.0234880419639642,0.0172963254572083,"ENO1/CTSB/FSCN1",3,"up"
"Hypertrophic cardiomyopathy","Hypertrophic cardiomyopathy","3/250","19/17907",0.157894736842105,11.3096842105263,5.34997935545747,0.00220804154772872,0.0234880419639642,0.0172963254572083,"ACTC1/VCL/MYL3",3,"up"
"leishmaniasis","leishmaniasis","13/250","371/17907",0.0350404312668464,2.50987601078167,3.49682426658234,0.00223119949245348,0.0236359016773184,0.0174052076589732,"TMBIM6/KRT84/RPL14/KRT4/EZR/CTSB/HSPA1L/CCR3/APOE/KCNAB2/SERPINB8/ADA/F2",13,"up"
"hypochromic anemia","hypochromic anemia","5/250","66/17907",0.0757575757575758,5.42636363636364,4.28667241705172,0.00227724946209823,0.0239251764474764,0.0176182262911303,"HBB/HBE1/KRT84/TFRC/ALAD",5,"up"
"rectal neoplasm","rectal neoplasm","5/250","66/17907",0.0757575757575758,5.42636363636364,4.28667241705172,0.00227724946209823,0.0239251764474764,0.0176182262911303,"ACTA1/LDHB/SAMM50/PROX1/GSTP1",5,"up"
"osteochondrosis","osteochondrosis","7/250","130/17907",0.0538461538461538,3.85689230769231,3.88997800350737,0.00234367799437828,0.0245221718018351,0.018057846841931,"HP/SERPINE1/CTSB/SERPINC1/MPO/F2/COL6A1",7,"up"
"hyperthyroidism","hyperthyroidism","15/250","466/17907",0.0321888412017167,2.30562231759657,3.39809618985397,0.00239591767662466,0.0249664401160112,0.0183850009471606,"ITIH3/GC/PKM/TFRC/SERPINE1/TXN/HSPA1L/MPO/KCNAB2/CCAR1/PSMB3/TG/ADA/F2/TTR",15,"up"
"bile duct adenocarcinoma","bile duct adenocarcinoma","14/250","420/17907",0.0333333333333333,2.3876,3.42406592116928,0.00242055390376106,0.0251206264890325,0.0184985420287431,"ACTA1/S100A6/ENO1/KRT19/KRT17/RPLP2/FSCN1/BLVRB/CCT6A/CD24/F2/RHOC/SALL4/FABP5",14,"up"
"mastitis","mastitis","10/250","246/17907",0.040650406504065,2.91170731707317,3.592461699092,0.00247370501228237,0.025568295126951,0.0188282000934852,"ACTA1/HP/CTSB/LDHB/HNRNPU/MPO/GATM/PLG/A2M/HSPD1",10,"up"
"benign mesothelioma","benign mesothelioma","11/250","288/17907",0.0381944444444444,2.73579166666667,3.5335728634888,0.00248692288701945,0.0255683473494219,0.0188282385495155,"KRT18/KRT19/SLC2A1/RAB12/EIF4A2/ASS1/TXN/PRDX1/KRT14/NCR1/ADA",11,"up"
"alexander disease","alexander disease","4/250","41/17907",0.0975609756097561,6.98809756097561,4.56749380419395,0.00250375512626536,0.0255683473494219,0.0188282385495155,"DES/FABP3/KRT14/ARSA",4,"up"
"vaginal cancer","vaginal cancer","4/250","41/17907",0.0975609756097561,6.98809756097561,4.56749380419395,0.00250375512626536,0.0255683473494219,0.0188282385495155,"PRDX2/KRT14/KRT13/RNH1",4,"up"
"factor vii deficiency","factor vii deficiency","3/250","20/17907",0.15,10.7442,5.18803944664834,0.00257110425719886,0.026061344203131,0.0191912757939234,"SERPINC1/FGB/F2",3,"up"
"papillary carcinoma","papillary carcinoma","9/250","207/17907",0.0434782608695652,3.11426086956522,3.64055794134948,0.00257244760641952,0.026061344203131,0.0191912757939234,"S100A6/KRT19/SLC2A1/NME2/FCAR/CTSB/KRT14/MBD1/TG",9,"up"
"acute pancreatitis","acute pancreatitis","11/250","290/17907",0.0379310344827586,2.71692413793103,3.50747806742889,0.00262299058577503,0.0264683595473663,0.0194909972381702,"KNG1/HP/CTSB/HSPA1A/SERPINC1/MPO/GATM/PLG/F2/TTR/HSPD1",11,"up"
"onchocerciasis","onchocerciasis","6/250","99/17907",0.0606060606060606,4.34109090909091,3.96651546967709,0.00264933074972504,0.0265999216717721,0.0195878780818376,"DES/P4HB/NEFH/MPO/ALAD/HSPD1",6,"up"
"keratoconjunctivitis sicca","keratoconjunctivitis sicca","9/250","208/17907",0.0432692307692308,3.09928846153846,3.62360005433403,0.00265686644195138,0.0265999216717721,0.0195878780818376,"KRT1/KRT10/IQGAP1/KRT14/KRT15/LGALS9/CRYZ/TTR/IGFBP7",9,"up"
"coronary stenosis","coronary stenosis","8/250","170/17907",0.0470588235294118,3.37072941176471,3.69553399147388,0.00271668630084994,0.0270925786174605,0.0199506650218668,"KNG1/PPIA/SERPINE1/FABP3/SERPINC1/APOE/PLG/ADA",8,"up"
"normal pressure hydrocephalus","normal pressure hydrocephalus","5/250","69/17907",0.072463768115942,5.1904347826087,4.14974478119956,0.00276868957629006,0.0275037528726401,0.0202534490405654,"DES/VIM/FABP3/APOE/TTR",5,"up"
"hypothyroidism","hypothyroidism","15/250","475/17907",0.0315789473684211,2.26193684210526,3.31681807784905,0.00287063768909639,0.0284059613188491,0.0209178250213225,"ACTA1/ITIH3/PKM/NEFH/SERPINE1/NEFM/LDHB/HSPA1L/APOE/PLG/CCAR1/TG/ADA/F2/TTR",15,"up"
"follicular adenoma","follicular adenoma","8/250","172/17907",0.0465116279069767,3.33153488372093,3.65595953804332,0.00291915822374854,0.0287745596340928,0.0211892566048157,"KRT19/PRDX2/SLC2A1/CTSB/KRT14/TG/VDAC1/TPT1",8,"up"
"pulmonary edema","pulmonary edema","10/250","252/17907",0.0396825396825397,2.84238095238095,3.50474706187725,0.00294169101038345,0.0288201346913367,0.0212228175557043,"KRT84/KNG1/SERPINE1/HSPA1A/LDHB/SERPINC1/MPO/VCL/F2/MYL12B",10,"up"
"papilledema","papilledema","5/250","70/17907",0.0714285714285714,5.11628571428571,4.10586306968601,0.00294833402305293,0.0288201346913367,0.0212228175557043,"HP/ASS1/SERPINC1/F2/RHOA",5,"up"
"inclusion conjunctivitis","inclusion conjunctivitis","3/250","21/17907",0.142857142857143,10.2325714285714,5.03716928322357,0.00296893671125012,0.0288201346913367,0.0212228175557043,"TMBIM6/TXN/HSPD1",3,"up"
"tick-borne relapsing fever","tick-borne relapsing fever","3/250","21/17907",0.142857142857143,10.2325714285714,5.03716928322357,0.00296893671125012,0.0288201346913367,0.0212228175557043,"HPRT1/CFHR1/PLG",3,"up"
"adamantinous craniopharyngioma","adamantinous craniopharyngioma","4/250","43/17907",0.0930232558139535,6.66306976744186,4.42392362548636,0.00298551641763909,0.0288713008114872,0.0212604957013693,"KRT19/GC/KRT14/GSK3B",4,"up"
"testicular germ cell cancer","testicular germ cell cancer","6/250","102/17907",0.0588235294117647,4.21341176470588,3.87263273459016,0.00307576046904888,0.0296317602923841,0.0218204893653279,"KRT18/SLC2A1/HP/GFRA1/TTR/HPX",6,"up"
"in situ carcinoma","in situ carcinoma","15/250","479/17907",0.0313152400835073,2.24304801670146,3.28127569745824,0.00310526154201897,0.0298035064540392,0.0219469612744198,"KRT19/KRT1/SLC2A1/KRT10/KRT4/KRT17/CTSB/KRT14/KRT13/FSCN1/CD24/RBPMS/IGFBP7/XRCC5/GSTP1",15,"up"
"systemic scleroderma","systemic scleroderma","14/250","432/17907",0.0324074074074074,2.32127777777778,3.30779242167238,0.00311923532078138,0.0298254972807299,0.0219631550676742,"MSN/RPL14/KNG1/HP/TFRC/SOD1/SERPINE1/RPL7/HSPA1L/SERPINC1/MPO/VCL/PLG/F2",14,"up"
"lung large cell carcinoma","lung large cell carcinoma","7/250","137/17907",0.0510948905109489,3.65982481751825,3.71860834418217,0.00314417090235493,0.0299517474392244,0.0220561242404003,"KRT18/KRT19/SLC2A1/KRT10/KRT17/FSCN1/SALL4",7,"up"
"autoimmune disease of cardiovascular system","autoimmune disease of cardiovascular system","6/250","103/17907",0.058252427184466,4.17250485436893,3.84213792190966,0.00322869111198686,0.030158702961308,0.0222085239198038,"ENO1/SERPINC1/MPO/LGALS9/F2/HSPD1",6,"up"
"behcet's disease","behcet's disease","6/250","103/17907",0.058252427184466,4.17250485436893,3.84213792190966,0.00322869111198686,0.030158702961308,0.0222085239198038,"ENO1/SERPINC1/MPO/LGALS9/F2/HSPD1",6,"up"
"cerebral amyloid angiopathy","cerebral amyloid angiopathy","6/250","103/17907",0.058252427184466,4.17250485436893,3.84213792190966,0.00322869111198686,0.030158702961308,0.0222085239198038,"ACTA1/EZR/NME1/APOE/TTR/A2M",6,"up"
"adenofibroma","adenofibroma","4/250","44/17907",0.0909090909090909,6.51163636363636,4.35552521016731,0.00324858727550321,0.030158702961308,0.0222085239198038,"KRT19/SLC2A1/TG/SALL4",4,"up"
"ampulla of vater adenocarcinoma","ampulla of vater adenocarcinoma","4/250","44/17907",0.0909090909090909,6.51163636363636,4.35552521016731,0.00324858727550321,0.030158702961308,0.0222085239198038,"S100A6/KIT/FSCN1/F2",4,"up"
"Keratosis","Keratosis","4/250","44/17907",0.0909090909090909,6.51163636363636,4.35552521016731,0.00324858727550321,0.030158702961308,0.0222085239198038,"KRT1/KRT17/KRT6A/KRT14",4,"up"
"syringoma","syringoma","4/250","44/17907",0.0909090909090909,6.51163636363636,4.35552521016731,0.00324858727550321,0.030158702961308,0.0222085239198038,"S100A6/KRT4/KRT14/KRT15",4,"up"
"cyclic hematopoiesis","cyclic hematopoiesis","3/250","22/17907",0.136363636363636,9.76745454545454,4.89611068307549,0.00340257401592597,0.0312473793620828,0.0230102127695713,"CDC42/MPO/ADA",3,"up"
"ovarian germ cell monodermal and highly specialized teratoma","ovarian germ cell monodermal and highly specialized teratoma","3/250","22/17907",0.136363636363636,9.76745454545454,4.89611068307549,0.00340257401592597,0.0312473793620828,0.0230102127695713,"KRT19/TG/SALL4",3,"up"
"struma ovarii","struma ovarii","3/250","22/17907",0.136363636363636,9.76745454545454,4.89611068307549,0.00340257401592597,0.0312473793620828,0.0230102127695713,"KRT19/TG/SALL4",3,"up"
"idiopathic interstitial pneumonia","idiopathic interstitial pneumonia","13/250","390/17907",0.0333333333333333,2.3876,3.29668586192601,0.00342256980831468,0.0313183538373741,0.0230624775614036,"KRT18/S100A6/KRT19/TMBIM6/TFRC/SERPINE1/HBZ/CTSB/TXN/MPO/LGALS9/PLG/NHP2",13,"up"
"testicular cancer","testicular cancer","12/250","345/17907",0.0347826086956522,2.49140869565217,3.32835826721385,0.00345858038408812,0.0315348418592034,0.0232218968645916,"KRT18/HSP90B1/SLC2A1/HP/LDHB/CCR3/GFRA1/F2/RHOA/TTR/GSTP1/HPX",12,"up"
"spinal muscular atrophy","spinal muscular atrophy","8/250","177/17907",0.0451977401129944,3.23742372881356,3.55951920879589,0.00347696709346223,0.0315896690021675,0.0232622709455836,"ACTA1/PKM/SOD1/MYL12A/HNRNPU/ANKS1B/COL6A1/RAN",8,"up"
"benign epilepsy with centrotemporal spikes","benign epilepsy with centrotemporal spikes","4/250","45/17907",0.0888888888888889,6.36693333333333,4.28921929417315,0.00352701925621775,0.0319146826597416,0.0235016072856695,"CTSB/CTNNA3/PLG/TPT1",4,"up"
"esophageal varix","esophageal varix","5/250","73/17907",0.0684931506849315,4.90602739726027,3.97908457349409,0.00353774194778961,0.0319146826597416,0.0235016072856695,"HP/HINT1/SERPINC1/PLG/F2",5,"up"
"salivary gland carcinoma","salivary gland carcinoma","14/250","439/17907",0.0318906605922551,2.28426423690205,3.24172293227876,0.00359800991662385,0.0323440821026081,0.0238178121241297,"DES/KRT4/NME2/IQGAP1/SLC25A3/KRT14/KRT15/KRT13/KIT/RNH1/FSCN1/TG/F2/RHOA",14,"up"
"pneumoconiosis","pneumoconiosis","11/250","303/17907",0.0363036303630363,2.60035643564356,3.34305245355547,0.00366123465359257,0.0327691311643835,0.0241308133917121,"KNG1/HP/GC/TFRC/HSPA1L/PRDX1/NCR1/MPO/SLC4A1/TTR/GSTP1",11,"up"
"prostate carcinoma","prostate carcinoma","14/250","440/17907",0.0318181818181818,2.27907272727273,3.23238626661984,0.00367106099024988,0.0327691311643835,0.0241308133917121,"PZP/KRT18/HNRNPK/SERPINE1/INA/FABP3/KRT14/TNFSF12/PLG/CCAR1/CD24/SALL4/GSTP1/CADM3",14,"up"
"chondrosarcoma","chondrosarcoma","12/250","348/17907",0.0344827586206897,2.46993103448276,3.29494012941239,0.00370618652777793,0.0327691311643835,0.0241308133917121,"ACTA1/HSP90B1/EZR/NEFH/ASS1/VIM/CTSB/HSPA1A/KRT6A/DAP3/ANKS1B/CD24",12,"up"
"autoimmune disease of skin and connective tissue","autoimmune disease of skin and connective tissue","9/250","219/17907",0.0410958904109589,2.94361643835616,3.44353175339132,0.00373823322472433,0.0327691311643835,0.0241308133917121,"KRT4/HP/RAB12/KRT14/KRT13/MPO/VCL/PLG/F2",9,"up"
"fanconi's anemia","fanconi's anemia","9/250","219/17907",0.0410958904109589,2.94361643835616,3.44353175339132,0.00373823322472433,0.0327691311643835,0.0241308133917121,"RPS3/MUS81/HPRT1/TXN/PGK1/PSMB3/NHP2/TELO2/POLM",9,"up"
"Glomerulonephritis","Glomerulonephritis","9/250","219/17907",0.0410958904109589,2.94361643835616,3.44353175339132,0.00373823322472433,0.0327691311643835,0.0241308133917121,"HP/MUS81/HSPA1B/FCAR/HSPA1A/HSPA1L/NCR1/TNFSF12/EIF4A1",9,"up"
"Nephritis","Nephritis","9/250","219/17907",0.0410958904109589,2.94361643835616,3.44353175339132,0.00373823322472433,0.0327691311643835,0.0241308133917121,"HP/MUS81/HSPA1B/FCAR/HSPA1A/HSPA1L/NCR1/TNFSF12/EIF4A1",9,"up"
"uveitis","uveitis","11/250","304/17907",0.0361842105263158,2.59180263157895,3.33076123562627,0.00375305533765747,0.0327691311643835,0.0241308133917121,"P4HB/NME1/HSPA1B/HBZ/HSPB1/HSPA1A/MPO/CRYM/PRDX4/TLN1/HSPD1",11,"up"
"carotid artery disease","carotid artery disease","10/250","261/17907",0.0383141762452107,2.74436781609195,3.37789400250138,0.00377364847721455,0.0327691311643835,0.0241308133917121,"KNG1/HNRNPK/P4HB/SERPINE1/SERPINC1/APOE/MPO/PLG/TLN1/F2",10,"up"
"retinal detachment","retinal detachment","10/250","261/17907",0.0383141762452107,2.74436781609195,3.37789400250138,0.00377364847721455,0.0327691311643835,0.0241308133917121,"DES/KRT18/HBB/NEFH/SERPINC1/MYL12A/PLG/TTR/MYL12B/TPT1",10,"up"
"corneal neovascularization","corneal neovascularization","7/250","142/17907",0.0492957746478873,3.53095774647887,3.60294221630456,0.00383308441516261,0.0331724220742717,0.0244277922051041,"KRT4/KRT14/KRT15/CCR3/LGALS9/PLG/RIPK2",7,"up"
"endocarditis","endocarditis","10/250","262/17907",0.0381679389312977,2.73389312977099,3.36413159671772,0.00387655217030794,0.033435262468906,0.0246213448654694,"ENO1/HP/PPIA/SERPINE1/SERPINC1/MPO/RNH1/PLG/F2/HSPD1",10,"up"
"bullous skin disease","bullous skin disease","9/250","221/17907",0.0407239819004525,2.91697737556561,3.41200099948426,0.00396741317672219,0.0341037233675817,0.0251135918257162,"KRT4/HP/RAB12/KRT14/KRT13/MPO/VCL/PLG/F2",9,"up"
"nasopharynx carcinoma","nasopharynx carcinoma","15/250","493/17907",0.0304259634888438,2.1793509127789,3.15957066518051,0.00405432776640682,0.0345317341746792,0.0254287740886788,"KRT18/KRT19/HSP90B1/TMBIM6/EZR/HNRNPK/FABP3/RPS28/KRT13/CDC42/FSCN1/LGALS9/CD24/GSTP1/RPL27",15,"up"
"bronchitis","bronchitis","10/250","264/17907",0.0378787878787879,2.71318181818182,3.33679894025261,0.00408902595042581,0.0345317341746792,0.0254287740886788,"HP/GC/CTSB/SLC25A3/SERPINC1/CCR3/MPO/F2/TTR/GSTP1",10,"up"
"acute kidney failure","acute kidney failure","8/250","182/17907",0.043956043956044,3.14848351648352,3.46645394062099,0.00411412762124859,0.0345317341746792,0.0254287740886788,"VIM/HSPA1A/MPO/SERPINB8/MBD1/ADA/F2/HPX",8,"up"
"vitreous disease","vitreous disease","8/250","182/17907",0.043956043956044,3.14848351648352,3.46645394062099,0.00411412762124859,0.0345317341746792,0.0254287740886788,"DES/KRT18/KRT4/TFRC/ALDOA/VIM/VCL/PLG",8,"up"
"erysipelas","erysipelas","4/250","47/17907",0.0851063829787234,6.096,4.16244450999853,0.00413163362558098,0.0345317341746792,0.0254287740886788,"KRT18/KNG1/INA/HPX",4,"up"
"glycine encephalopathy","glycine encephalopathy","4/250","47/17907",0.0851063829787234,6.096,4.16244450999853,0.00413163362558098,0.0345317341746792,0.0254287740886788,"SLC2A1/GC/ASS1/FABP3",4,"up"
"retrograde amnesia","retrograde amnesia","4/250","47/17907",0.0851063829787234,6.096,4.16244450999853,0.00413163362558098,0.0345317341746792,0.0254287740886788,"ENO1/DSTN/APOE/GSK3B",4,"up"
"hydrocephalus","hydrocephalus","14/250","446/17907",0.031390134529148,2.24841255605381,3.17688750893038,0.00413523082601976,0.0345317341746792,0.0254287740886788,"DES/KRT84/PAFAH1B2/VIM/FABP3/SLC25A3/NEFL/CDC42/APOE/PLG/ADA/F2/TTR/HYDIN",14,"up"
"thymoma","thymoma","11/250","308/17907",0.0357142857142857,2.55814285714286,3.28208233483335,0.0041389387612424,0.0345317341746792,0.0254287740886788,"KRT84/SLC2A1/TFRC/TXN/LDHB/KRT14/KIT/DAP3/FSCN1/TG/SALL4",11,"up"
"pineal gland cancer","pineal gland cancer","5/250","76/17907",0.0657894736842105,4.71236842105263,3.85905396485506,0.00420732509698529,0.0348743538071541,0.0256810752673128,"KRT18/NEFM/INA/CD24/TTR",5,"up"
"thrombophlebitis","thrombophlebitis","5/250","76/17907",0.0657894736842105,4.71236842105263,3.85905396485506,0.00420732509698529,0.0348743538071541,0.0256810752673128,"FGG/SERPINC1/KCNAB2/PLG/F2",5,"up"
"sideroblastic anemia","sideroblastic anemia","6/250","109/17907",0.055045871559633,3.94282568807339,3.666933398197,0.00426823462317639,0.0352647346050787,0.0259685472219146,"HBB/PKM/TFRC/PGK1/GATM/ALAD",6,"up"
"alpha-mannosidosis","alpha-mannosidosis","3/250","24/17907",0.125,8.9535,4.63932239940466,0.00438108641444965,0.036080366503516,0.026569169223114,"ASS1/CTSB/ARSA",3,"up"
"glomus tumor","glomus tumor","4/250","48/17907",0.0833333333333333,5.969,4.1017754622143,0.00445863345711733,0.036171445163288,0.0266362385064557,"DES/NEFH/VIM/KRT14",4,"up"
"hemangiopericytic tumor","hemangiopericytic tumor","4/250","48/17907",0.0833333333333333,5.969,4.1017754622143,0.00445863345711733,0.036171445163288,0.0266362385064557,"DES/NEFH/VIM/KRT14",4,"up"
"testicular malignant germ cell cancer","testicular malignant germ cell cancer","4/250","48/17907",0.0833333333333333,5.969,4.1017754622143,0.00445863345711733,0.036171445163288,0.0266362385064557,"SLC2A1/HP/TTR/HPX",4,"up"
"acute porphyria","acute porphyria","7/250","146/17907",0.0479452054794521,3.43421917808219,3.51409288277381,0.00446223835226944,0.036171445163288,0.0266362385064557,"ACTA1/S100A6/KRT84/HP/TFRC/ALAD/HPX",7,"up"
"congenital structural myopathy","congenital structural myopathy","6/250","110/17907",0.0545454545454545,3.90698181818182,3.63895004535076,0.00446298677102848,0.036171445163288,0.0266362385064557,"DES/ACTA1/ACTC1/NEFL/DSTN/VCL",6,"up"
"autoimmune disease of blood","autoimmune disease of blood","9/250","227/17907",0.039647577092511,2.83987665198238,3.31948982990509,0.00472149719597728,0.0381455137383861,0.0280899200267003,"KRT84/HP/PKM/TFRC/SERPINC1/SLC4A1/MBD1/F2/RAN",9,"up"
"eclampsia","eclampsia","6/250","112/17907",0.0535714285714286,3.83721428571429,3.58395863879251,0.00487204716888036,0.0391914954456255,0.02886016899247,"HP/SERPINE1/SERPINC1/KCNAB2/PLG/F2",6,"up"
"basosquamous carcinoma","basosquamous carcinoma","3/250","25/17907",0.12,8.59536,4.52190212615357,0.00492772034392706,0.0391914954456255,0.02886016899247,"SLC2A1/KRT14/KCNAB2",3,"up"
"fibrous meningioma","fibrous meningioma","3/250","25/17907",0.12,8.59536,4.52190212615357,0.00492772034392706,0.0391914954456255,0.02886016899247,"MSN/RDX/EZR",3,"up"
"hemoglobin e disease","hemoglobin e disease","3/250","25/17907",0.12,8.59536,4.52190212615357,0.00492772034392706,0.0391914954456255,0.02886016899247,"HBB/HBE1/F2",3,"up"
"monodermal teratoma","monodermal teratoma","3/250","25/17907",0.12,8.59536,4.52190212615357,0.00492772034392706,0.0391914954456255,0.02886016899247,"KRT19/TG/SALL4",3,"up"
"skin hemangioma","skin hemangioma","5/250","79/17907",0.0632911392405063,4.53341772151899,3.74513995409402,0.00496278862347533,0.0393478240861259,0.0289752876153218,"SLC2A1/VIM/HBZ/CTSB/PROX1",5,"up"
"porphyria","porphyria","7/250","149/17907",0.0469798657718121,3.36507382550336,3.44946423184974,0.00498308150070552,0.0393682127785974,0.0289903016152617,"ACTA1/S100A6/KRT84/HP/TFRC/ALAD/HPX",7,"up"
"mitochondrial myopathy","mitochondrial myopathy","9/250","229/17907",0.0393013100436681,2.81507423580786,3.28932211177989,0.00499620091667276,0.0393682127785974,0.0289903016152617,"SLC2A1/RAB4A/ASS1/INA/SLC25A4/PGK1/CRYZ/VDAC1/HSPD1",9,"up"
"teratoma","teratoma","13/250","409/17907",0.0317848410757946,2.27668459657702,3.10786325971579,0.00508702841425419,0.0399605647433568,0.0294265028270704,"DES/KRT18/S100A6/KRT19/NME1/INA/KRT14/GFRA1/RNH1/CCT6A/TG/SALL4/MYL12B",13,"up"
"relapsing fever","relapsing fever","4/250","50/17907",0.08,5.73024,3.98542614052467,0.00516401074386751,0.0403363849657054,0.029703252540355,"HPRT1/CFHR1/PLG/IGFBP7",4,"up"
"breast fibroadenoma","breast fibroadenoma","7/250","150/17907",0.0466666666666667,3.34264,3.42828740035573,0.00516646998973196,0.0403363849657054,0.029703252540355,"PZP/ACTA1/SLC2A1/KRT31/KRT14/KRT15/KCNAB2",7,"up"
"pulmonary eosinophilia","pulmonary eosinophilia","5/250","80/17907",0.0625,4.47675,3.70843063842183,0.0052346714913763,0.0406860515812235,0.029960743036702,"TXN/CCR3/SERPINB8/LGALS9/ADA",5,"up"
"intestinal benign neoplasm","intestinal benign neoplasm","11/250","318/17907",0.0345911949685535,2.47769811320755,3.16365808223662,0.00524313003142285,0.0406860515812235,0.029960743036702,"ACTA1/MSN/RDX/CTSB/LDHB/KIT/MPO/SLC4A1/SAMM50/PROX1/GSTP1",11,"up"
"favism","favism","3/250","26/17907",0.115384615384615,8.26476923076923,4.41086160473398,0.00551368056056064,0.041868924335256,0.0308317970036355,"HP/CRYZ/HPX",3,"up"
"Alzheimer's disease","Alzheimer's disease","5/250","81/17907",0.0617283950617284,4.42148148148148,3.67232059284117,0.00551693078366414,0.041868924335256,0.0308317970036355,"CTSB/APOE/MPO/A2M/GSK3B",5,"up"
"cavernous hemangioma","cavernous hemangioma","5/250","81/17907",0.0617283950617284,4.42148148148148,3.67232059284117,0.00551693078366414,0.041868924335256,0.0308317970036355,"ACTA1/VIM/SERPINC1/PLG/F2",5,"up"
"multinodular goiter","multinodular goiter","5/250","81/17907",0.0617283950617284,4.42148148148148,3.67232059284117,0.00551693078366414,0.041868924335256,0.0308317970036355,"KRT19/PRDX2/CTSB/TG/TPT1",5,"up"
"seborrheic keratosis","seborrheic keratosis","5/250","81/17907",0.0617283950617284,4.42148148148148,3.67232059284117,0.00551693078366414,0.041868924335256,0.0308317970036355,"S100A6/KRT1/KRT10/EZR/KRT15",5,"up"
"Tauopathy","Tauopathy","5/250","81/17907",0.0617283950617284,4.42148148148148,3.67232059284117,0.00551693078366414,0.041868924335256,0.0308317970036355,"CTSB/APOE/MPO/A2M/GSK3B",5,"up"
"autoimmune hemolytic anemia","autoimmune hemolytic anemia","6/250","115/17907",0.0521739130434783,3.73711304347826,3.50380643082548,0.00553641950575566,0.041868924335256,0.0308317970036355,"KRT84/HP/PKM/TFRC/SLC4A1/F2",6,"up"
"hemophilia b","hemophilia b","4/250","51/17907",0.0784313725490196,5.61788235294118,3.92958511260407,0.0055431635038451,0.041868924335256,0.0308317970036355,"KNG1/KRT31/SERPINC1/F2",4,"up"
"intracranial embolism","intracranial embolism","4/250","51/17907",0.0784313725490196,5.61788235294118,3.92958511260407,0.0055431635038451,0.041868924335256,0.0308317970036355,"SERPINC1/VCL/PLG/F2",4,"up"
"penile disease","penile disease","8/250","192/17907",0.0416666666666667,2.9845,3.28959153305159,0.00565538178347394,0.042590530068463,0.0313631792121859,"ACTA1/EZR/SERPINE1/INA/PLG/ADA/TTR/RPL6",8,"up"
"scleroderma","scleroderma","14/250","463/17907",0.0302375809935205,2.16585745140389,3.02429217093434,0.00571502894723517,0.0429131438302688,0.0316007482964768,"MSN/RPL14/KNG1/HP/TFRC/SOD1/SERPINE1/RPL7/HSPA1L/SERPINC1/MPO/VCL/PLG/F2",14,"up"
"proliferative vitreoretinopathy","proliferative vitreoretinopathy","7/250","153/17907",0.0457516339869281,3.27709803921569,3.36581446767256,0.0057471345646836,0.0430276672833937,0.0316850820574932,"DES/KRT18/KRT4/TFRC/ALDOA/VIM/VCL",7,"up"
"angiosarcoma","angiosarcoma","6/250","116/17907",0.0517241379310345,3.70489655172414,3.47768555081928,0.00577192303632806,0.0430868991571507,0.0317286997318619,"KRT18/KRT19/KIT/FSCN1/TG/PROX1",6,"up"
"hepatitis c","hepatitis c","12/250","369/17907",0.032520325203252,2.32936585365854,3.07028368846024,0.00586715140846841,0.0436700803085127,0.0321581476615761,"KRT18/HBE1/KRT19/HP/PPIA/GC/TFRC/FCAR/TXN/NCR1/TG/F2",12,"up"
"apocrine sweat gland neoplasm","apocrine sweat gland neoplasm","4/250","52/17907",0.0769230769230769,5.50984615384615,3.87520165850882,0.00594046329717259,0.0438400362787843,0.0322833012942086,"S100A6/SLC2A1/KRT14/KRT15",4,"up"
"hepatic vein thrombosis","hepatic vein thrombosis","4/250","52/17907",0.0769230769230769,5.50984615384615,3.87520165850882,0.00594046329717259,0.0438400362787843,0.0322833012942086,"HINT1/SERPINC1/PLG/F2",4,"up"
"small cell carcinoma","small cell carcinoma","7/250","154/17907",0.0454545454545455,3.25581818181818,3.34533344579151,0.0059511371066375,0.0438400362787843,0.0322833012942086,"DES/KRT18/ENO1/KRT19/KRT14/KIT/GSTP1",7,"up"
"cholangiocarcinoma","cholangiocarcinoma","13/250","417/17907",0.0311750599520384,2.2330071942446,3.03144413498279,0.00595867316440977,0.0438400362787843,0.0322833012942086,"S100A6/ENO1/KRT19/KRT17/RPLP2/FSCN1/BLVRB/CCT6A/CD24/F2/RHOC/SALL4/FABP5",13,"up"
"ampulla of vater carcinoma","ampulla of vater carcinoma","5/250","83/17907",0.0602409638554217,4.31493975903614,3.60182771827759,0.00611339929249709,0.0445302825003763,0.0327915907170809,"S100A6/KRT17/KIT/FSCN1/F2",5,"up"
"brain glioma","brain glioma","5/250","83/17907",0.0602409638554217,4.31493975903614,3.60182771827759,0.00611339929249709,0.0445302825003763,0.0327915907170809,"SLC2A1/KNG1/FABP3/VCL/PLK4",5,"up"
"adenoid squamous cell carcinoma","adenoid squamous cell carcinoma","3/250","27/17907",0.111111111111111,7.95866666666667,4.30561302505275,0.00613970209170876,0.0445302825003763,0.0327915907170809,"VIM/KRT14/GSTP1",3,"up"
"blastoma","blastoma","3/250","27/17907",0.111111111111111,7.95866666666667,4.30561302505275,0.00613970209170876,0.0445302825003763,0.0327915907170809,"MPO/SERPINB8/ARSA",3,"up"
"chordoid glioma","chordoid glioma","3/250","27/17907",0.111111111111111,7.95866666666667,4.30561302505275,0.00613970209170876,0.0445302825003763,0.0327915907170809,"KRT18/CD24/TTR",3,"up"
"arteriosclerosis obliterans","arteriosclerosis obliterans","4/250","53/17907",0.0754716981132075,5.40588679245283,3.82220819598935,0.00635627857461341,0.0459704793229123,0.0338521351849099,"KNG1/SERPINE1/SERPINC1/PLG",4,"up"
"periodontitis","periodontitis","14/250","470/17907",0.0297872340425532,2.1336,2.96335525054393,0.00649263315134455,0.0467739245164636,0.0344437830360171,"KNG1/HP/GC/CAP1/FCAR/SERPINE1/CTSB/KRT14/CCR3/MPO/PLG/CCT6A/PADI2/HSPD1",14,"up"
"renal clear cell carcinoma","renal clear cell carcinoma","6/250","119/17907",0.0504201680672269,3.61149579831933,3.40102706210422,0.006522333383416,0.0467739245164636,0.0344437830360171,"DES/SLC2A1/KRT14/FSCN1/GATM/TG",6,"up"
"tularemia","tularemia","6/250","119/17907",0.0504201680672269,3.61149579831933,3.40102706210422,0.006522333383416,0.0467739245164636,0.0344437830360171,"HP/PRDX1/KIT/KCNAB2/ADA/HSPD1",6,"up"
"disseminated intravascular coagulation","disseminated intravascular coagulation","7/250","157/17907",0.0445859872611465,3.1936050955414,3.28488318221632,0.00659567262227165,0.0470356206834065,0.0346364931001975,"KNG1/HP/SERPINE1/SERPINC1/MPO/PLG/F2",7,"up"
"endometrial stromal sarcoma","endometrial stromal sarcoma","7/250","157/17907",0.0445859872611465,3.1936050955414,3.28488318221632,0.00659567262227165,0.0470356206834065,0.0346364931001975,"HNRNPH1/KRT4/HNRNPK/TFRC/HSPB1/KIT/HNRNPF",7,"up"
"varicose veins","varicose veins","9/250","240/17907",0.0375,2.68605,3.1289995578258,0.00673590615441011,0.0474778859805715,0.0349621722066096,"KNG1/HSPA1B/SERPINE1/SERPINC1/MPO/VCL/RNH1/PLG/F2",9,"up"
"Charcot-Marie-Tooth disease","Charcot-Marie-Tooth disease","5/250","85/17907",0.0588235294117647,4.21341176470588,3.53352736051511,0.00675382102863164,0.0474778859805715,0.0349621722066096,"NEFH/HINT1/HSPB1/NEFL/CADM3",5,"up"
"iga glomerulonephritis","iga glomerulonephritis","8/250","198/17907",0.0404040404040404,2.89406060606061,3.18889546938554,0.00677095564448251,0.0474778859805715,0.0349621722066096,"TFRC/FCAR/SERPINE1/MPO/TNFSF12/CFHR1/OTUB1/HPX",8,"up"
"alcoholic hepatitis","alcoholic hepatitis","6/250","120/17907",0.05,3.5814,3.37602311982281,0.00678752144837933,0.0474778859805715,0.0349621722066096,"KRT18/HP/ALDOA/ALDOC/F2/TTR",6,"up"
"balkan nephropathy","balkan nephropathy","4/250","54/17907",0.0740740740740741,5.30577777777778,3.7705415016556,0.00679096973230853,0.0474778859805715,0.0349621722066096,"CRYZ/GSTP1/ALAD/TPT1",4,"up"
"argininosuccinic aciduria","argininosuccinic aciduria","3/250","28/17907",0.107142857142857,7.67442857142857,4.20564227032183,0.00680646544022294,0.0474778859805715,0.0349621722066096,"ASS1/RPS19/HPX",3,"up"
"hyperthyroxinemia","hyperthyroxinemia","3/250","28/17907",0.107142857142857,7.67442857142857,4.20564227032183,0.00680646544022294,0.0474778859805715,0.0349621722066096,"GC/TG/TTR",3,"up"
"legg-calve-perthes disease","legg-calve-perthes disease","3/250","28/17907",0.107142857142857,7.67442857142857,4.20564227032183,0.00680646544022294,0.0474778859805715,0.0349621722066096,"SERPINE1/SERPINC1/F2",3,"up"
"endometrial stromal tumor","endometrial stromal tumor","7/250","159/17907",0.0440251572327044,3.15343396226415,3.24538516157935,0.00705331748531748,0.0488490843164346,0.0359719069780247,"HNRNPH1/KRT4/HNRNPK/TFRC/HSPB1/KIT/HNRNPF",7,"up"
"kidney benign neoplasm","kidney benign neoplasm","7/250","159/17907",0.0440251572327044,3.15343396226415,3.24538516157935,0.00705331748531748,0.0488490843164346,0.0359719069780247,"KRT19/PKM/VIM/KIT/FSCN1/CD24/PROX1",7,"up"
"tropical spastic paraparesis","tropical spastic paraparesis","6/250","121/17907",0.0495867768595041,3.55180165289256,3.35128445058656,0.00706044344409102,0.0488490843164346,0.0359719069780247,"HNRNPH1/SLC2A1/HNRNPK/HBZ/CDC42/SERPINB8",6,"up"
"eosinophilic pneumonia","eosinophilic pneumonia","4/250","55/17907",0.0727272727272727,5.20930909090909,3.72014235461294,0.00724488892810587,0.049901778467501,0.0367470989106549,"HBB/CCR3/LGALS9/TPT1",4,"up"
"pericardium disease","pericardium disease","9/250","243/17907",0.037037037037037,2.65288888888889,3.08683279012058,0.00728268953181679,0.049901778467501,0.0367470989106549,"ACTA1/LDHB/SAR1B/SERPINC1/MPO/KCNAB2/ADA/F2/A2M",9,"up"
"cervical squamous cell carcinoma","cervical squamous cell carcinoma","7/250","160/17907",0.04375,3.133725,3.22586952906737,0.00729078079450759,0.049901778467501,0.0367470989106549,"KRT19/KRT17/NME1/KRT14/KRT13/LGALS9/CD24",7,"up"
"oxyphilic adenoma","oxyphilic adenoma","7/250","160/17907",0.04375,3.133725,3.22586952906737,0.00729078079450759,0.049901778467501,0.0367470989106549,"KRT4/PPIA/INA/KRT14/KIT/SLC4A1/VCL",7,"up"
"nephrosis","nephrosis","8/39","368/17907",0.0217391304347826,9.98160535117057,8.13334295470674,1.03957615413188e-06,0.00138471543730366,0.001014407468295,"APOA1/C3/HSP90B1/GSN/AFP/MYH9/SERPINA6/SERPINB7",8,"down"
"nephrotic syndrome","nephrotic syndrome","7/39","326/17907",0.0214723926380368,9.85913166588013,7.54174407982646,5.79413471965975e-06,0.00385889372329339,0.0028269278342761,"APOA1/C3/GSN/AFP/MYH9/SERPINA6/SERPINB7",7,"down"
"Amyloidosis","Amyloidosis","4/39","70/17907",0.0571428571428571,26.2373626373626,9.8838399385178,1.58814577932793e-05,0.007051367260216,0.005165653113814,"APOA1/C3/GSN/EEF1A1",4,"down"
"angiomatous meningioma","angiomatous meningioma","2/39","11/17907",0.181818181818182,83.4825174825175,12.7842097206581,0.000251075230057948,0.0324148551719352,0.0237463021529824,"HBA1/GAPDH",2,"down"
"familial visceral amyloidosis","familial visceral amyloidosis","2/39","11/17907",0.181818181818182,83.4825174825175,12.7842097206581,0.000251075230057948,0.0324148551719352,0.0237463021529824,"APOA1/GSN",2,"down"
"cholesteatoma of middle ear","cholesteatoma of middle ear","3/39","58/17907",0.0517241379310345,23.7493368700265,8.10717253079927,0.000271269326596476,0.0324148551719352,0.0237463021529824,"GAPDH/A1BG/HSP90B1",3,"down"
"middle ear cholesteatoma","middle ear cholesteatoma","3/39","58/17907",0.0517241379310345,23.7493368700265,8.10717253079927,0.000271269326596476,0.0324148551719352,0.0237463021529824,"GAPDH/A1BG/HSP90B1",3,"down"
"cholesteatoma","cholesteatoma","4/39","146/17907",0.0273972602739726,12.5795574288725,6.56339139612142,0.000279400370037594,0.0324148551719352,0.0237463021529824,"HBA1/GAPDH/A1BG/HSP90B1",4,"down"
"middle ear disease","middle ear disease","6/39","428/17907",0.014018691588785,6.43673616103523,5.3185772637685,0.000300954722667817,0.0324148551719352,0.0237463021529824,"C3/HBA1/GAPDH/A1BG/HSP90B1/ADSL",6,"down"
"proctitis","proctitis","3/39","63/17907",0.0476190476190476,21.8644688644689,7.75041794582263,0.000346501795787222,0.0324148551719352,0.0237463021529824,"HBA1/A1BG/TYMS",3,"down"
"endocrine pancreas disease","endocrine pancreas disease","6/39","441/17907",0.0136054421768707,6.24699110413396,5.21226534281251,0.000353138991245597,0.0324148551719352,0.0237463021529824,"APOA1/HBA1/GAPDH/AFP/SERPINA6/CD36",6,"down"
"cutaneous anthrax","cutaneous anthrax","2/39","13/17907",0.153846153846154,70.6390532544379,11.734495954489,0.000355091146189566,0.0324148551719352,0.0237463021529824,"GAPDH/EEF1A1",2,"down"
"congenital hemolytic anemia","congenital hemolytic anemia","5/39","285/17907",0.0175438596491228,8.055330634278,5.60926327170949,0.000364457185552138,0.0324148551719352,0.0237463021529824,"HBA1/GAPDH/A1BG/P4HB/CD36",5,"down"
"gonadoblastoma","gonadoblastoma","3/39","65/17907",0.0461538461538462,21.1917159763314,7.61906644755001,0.000379988985512979,0.0324148551719352,0.0237463021529824,"EEF1A1/AFP/SERPINA6",3,"down"
"benign mesothelioma","benign mesothelioma","5/39","288/17907",0.0173611111111111,7.97142094017094,5.57212107327821,0.000382368131072415,0.0324148551719352,0.0237463021529824,"HBA1/EEF1A1/AFP/AHNAK/TYMS",5,"down"
"Adrenal gland disease","Adrenal gland disease","2/39","14/17907",0.142857142857143,65.5934065934066,11.2954684792107,0.000413703106548722,0.0324148551719352,0.0237463021529824,"GNAS/SERPINA6",2,"down"
"Dyskeratosis congenita","Dyskeratosis congenita","2/39","14/17907",0.142857142857143,65.5934065934066,11.2954684792107,0.000413703106548722,0.0324148551719352,0.0237463021529824,"TYMS/CTC1",2,"down"
"hemangioma of intra-abdominal structure","hemangioma of intra-abdominal structure","2/39","15/17907",0.133333333333333,61.2205128205128,10.9006966986732,0.000476693155508236,0.0328743564449072,0.0240829211509633,"HBA1/AFP",2,"down"
"testicular yolk sac tumor","testicular yolk sac tumor","2/39","15/17907",0.133333333333333,61.2205128205128,10.9006966986732,0.000476693155508236,0.0328743564449072,0.0240829211509633,"APOA1/AFP",2,"down"
"histiocytosis","histiocytosis","5/39","310/17907",0.0161290322580645,7.40570719602978,5.3152321152039,0.000534906717864273,0.0328743564449072,0.0240829211509633,"APOA1/HBA1/GSN/ANXA3/CD36",5,"down"
"plasmodium vivax malaria","plasmodium vivax malaria","3/39","74/17907",0.0405405405405405,18.6143451143451,7.09355234601839,0.000556349673176026,0.0328743564449072,0.0240829211509633,"EEF1A1/TYMS/CD36",3,"down"
"sleeping sickness","sleeping sickness","4/39","178/17907",0.0224719101123595,10.3180639585134,5.83696635414934,0.00059166052823826,0.0328743564449072,0.0240829211509633,"APOA1/GAPDH/MYH9/ADSL",4,"down"
"balanitis","balanitis","2/39","17/17907",0.117647058823529,54.0180995475113,10.2173217153425,0.000615734115454202,0.0328743564449072,0.0240829211509633,"C3/GNAS",2,"down"
"Primary cutaneous amyloidosis","Primary cutaneous amyloidosis","2/39","17/17907",0.117647058823529,54.0180995475113,10.2173217153425,0.000615734115454202,0.0328743564449072,0.0240829211509633,"C3/GSN",2,"down"
"epidermolysis bullosa","epidermolysis bullosa","4/39","180/17907",0.0222222222222222,10.2034188034188,5.79777606502418,0.000617011194536547,0.0328743564449072,0.0240829211509633,"C3/EEF1A1/P4HB/AFP",4,"down"
"adrenal cortex cancer","adrenal cortex cancer","4/39","183/17907",0.0218579234972678,10.036149642707,5.74012976305566,0.000656472236443717,0.033631577651655,0.0246376422341427,"AFP/GNAS/SERPINA6/GATA6",4,"down"
"sickle cell anemia","sickle cell anemia","4/39","185/17907",0.0216216216216216,9.92765072765073,5.70243457189676,0.000683755182470049,0.0337319223351891,0.0247111522085667,"HBA1/GAPDH/SSR1/CD36",4,"down"
"patau syndrome","patau syndrome","3/39","81/17907",0.037037037037037,17.005698005698,6.74502864577474,0.000724593681299376,0.0344699565532418,0.0252518173896437,"AFP/SERPINA6/ADSL",3,"down"
"vesiculobullous skin disease","vesiculobullous skin disease","4/39","191/17907",0.0209424083769634,9.61578735400725,5.59271181286698,0.000770429706048497,0.034542001625766,0.0253045957855896,"C3/EEF1A1/P4HB/AFP",4,"down"
"megaloblastic anemia","megaloblastic anemia","3/39","83/17907",0.036144578313253,16.595922150139,6.65336179101643,0.000777973009589323,0.034542001625766,0.0253045957855896,"HBA1/TYMS/MMACHC",3,"down"
"nephrosclerosis","nephrosclerosis","3/39","85/17907",0.0352941176470588,16.2054298642534,6.56483125411462,0.000833794737565823,0.0355631584131595,0.0260526693922861,"GAPDH/MYH9/SERPINB7",3,"down"
"transthyretin amyloidosis","transthyretin amyloidosis","2/39","20/17907",0.1,45.9153846153846,9.38933834113143,0.00085667390507477,0.0355631584131595,0.0260526693922861,"APOA1/GSN",2,"down"
"iga glomerulonephritis","iga glomerulonephritis","4/39","198/17907",0.0202020202020202,9.27583527583528,5.47067651800013,0.000881069239965663,0.0355631584131595,0.0260526693922861,"C3/GAPDH/MYH9/SERPINB7",4,"down"
"Familial visceral amyloidosis","Familial visceral amyloidosis","2/39","21/17907",0.0952380952380952,43.7289377289377,9.15311148149539,0.000945548767488208,0.0356257626346845,0.0260985316598329,"APOA1/EEF1A1",2,"down"
"familial combined hyperlipidemia","familial combined hyperlipidemia","3/39","89/17907",0.0337078651685393,15.4770959377701,6.39647342858627,0.00095294055553755,0.0356257626346845,0.0260985316598329,"APOA1/C3/CD36",3,"down"
"acne","acne","3/39","90/17907",0.0333333333333333,15.3051282051282,6.3560797956087,0.000984321393850422,0.0356257626346845,0.0260985316598329,"APOA1/SERPINA6/ADSL",3,"down"
"renal artery disease","renal artery disease","3/39","91/17907",0.032967032967033,15.1369399830938,6.31632735615452,0.00101635058567418,0.0356257626346845,0.0260985316598329,"GAPDH/MYH9/SERPINB7",3,"down"
"tyrosinemia","tyrosinemia","3/39","91/17907",0.032967032967033,15.1369399830938,6.31632735615452,0.00101635058567418,0.0356257626346845,0.0260985316598329,"GSN/AFP/GNAS",3,"down"
"focal segmental glomerulosclerosis","focal segmental glomerulosclerosis","4/39","209/17907",0.0191387559808612,8.78763341921237,5.29066385769461,0.00107693798322395,0.0358620348413574,0.0262716186960158,"C3/GAPDH/HSP90B1/MYH9",4,"down"
"glomerulosclerosis","glomerulosclerosis","4/39","209/17907",0.0191387559808612,8.78763341921237,5.29066385769461,0.00107693798322395,0.0358620348413574,0.0262716186960158,"C3/GAPDH/HSP90B1/MYH9",4,"down"
"mixed gonadal dysgenesis","mixed gonadal dysgenesis","2/39","23/17907",0.0869565217391304,39.9264214046823,8.72709470664767,0.00113603261101656,0.0369072058018062,0.0270372844778523,"AFP/SERPINA6",2,"down"
"adenomatoid tumor","adenomatoid tumor","2/39","24/17907",0.0833333333333333,38.2628205128205,8.53404205857281,0.00123760569063517,0.0392088105294531,0.0287233818245638,"HBA1/AFP",2,"down"
"gestational diabetes","gestational diabetes","4/39","219/17907",0.0182648401826484,8.38637161924833,5.13815815803011,0.00127994638892261,0.0392088105294531,0.0287233818245638,"APOA1/HBA1/AFP/SERPINA6",4,"down"
"extrapulmonary tuberculosis","extrapulmonary tuberculosis","4/39","220/17907",0.0181818181818182,8.34825174825175,5.12344290494865,0.00130162003417288,0.0392088105294531,0.0287233818245638,"GAPDH/AFP/TRAP1/HSF2",4,"down"
"homocystinuria","homocystinuria","3/39","100/17907",0.03,13.7746153846154,5.98475085841242,0.00133463887823671,0.0392088105294531,0.0287233818245638,"APOA1/ADSL/MMACHC",3,"down"
"intracranial thrombosis","intracranial thrombosis","3/39","101/17907",0.0297029702970297,13.6382330540746,5.95055513795005,0.00137343264614669,0.0392088105294531,0.0287233818245638,"C3/P4HB/CD36",3,"down"
"sebaceous gland disease","sebaceous gland disease","3/39","102/17907",0.0294117647058824,13.5045248868778,5.91684120330066,0.00141293010916948,0.0392088105294531,0.0287233818245638,"APOA1/SERPINA6/ADSL",3,"down"
"testicular germ cell cancer","testicular germ cell cancer","3/39","102/17907",0.0294117647058824,13.5045248868778,5.91684120330066,0.00141293010916948,0.0392088105294531,0.0287233818245638,"APOA1/AFP/GATA6",3,"down"
"Digenic disease","Digenic disease","2/39","27/17907",0.0740740740740741,34.011396011396,8.01965410259016,0.00156743529714853,0.0409377218784674,0.029989938502718,"TYMS/CTC1",2,"down"
"Osteogenesis imperfecta","Osteogenesis imperfecta","2/39","27/17907",0.0740740740740741,34.011396011396,8.01965410259016,0.00156743529714853,0.0409377218784674,0.029989938502718,"P4HB/PPIB",2,"down"
"Polygenic disease","Polygenic disease","2/39","27/17907",0.0740740740740741,34.011396011396,8.01965410259016,0.00156743529714853,0.0409377218784674,0.029989938502718,"TYMS/CTC1",2,"down"
"essential hypertension","essential hypertension","5/39","398/17907",0.0125628140703518,5.76826439891767,4.49432852615129,0.00163494512386354,0.0418797481728123,0.0306800431137956,"APOA1/HBA1/MYH9/SERPINA6/CD36",5,"down"
"hepatitis b","hepatitis b","5/39","404/17907",0.0123762376237624,5.68259710586443,4.44748866828509,0.00174595745690333,0.0438795345772686,0.0321450359989948,"APOA1/C3/GAPDH/HSP90B1/AFP",5,"down"
"bone benign neoplasm","bone benign neoplasm","3/39","114/17907",0.0263157894736842,12.082995951417,5.5459842586602,0.00194349591448978,0.0465398024562313,0.0340938808889888,"HBA1/AFP/GNAS",3,"down"
"protein-energy malnutrition","protein-energy malnutrition","3/39","115/17907",0.0260869565217391,11.9779264214047,5.51760329778601,0.0019925641439355,0.0465398024562313,0.0340938808889888,"APOA1/C3/SERPINA6",3,"down"
"thrombotic thrombocytopenic purpura","thrombotic thrombocytopenic purpura","3/39","115/17907",0.0260869565217391,11.9779264214047,5.51760329778601,0.0019925641439355,0.0465398024562313,0.0340938808889888,"C3/MMACHC/CD36",3,"down"
"breast disease","breast disease","5/39","417/17907",0.0119904076738609,5.50544180040583,4.34914741558404,0.00200543861567223,0.0465398024562313,0.0340938808889888,"C3/GAPDH/AFP/SERPINA6/ADSL",5,"down"
"thoracic disease","thoracic disease","5/39","418/17907",0.0119617224880383,5.49227088700773,4.34175397269021,0.00202650791476082,0.0465398024562313,0.0340938808889888,"C3/GAPDH/AFP/SERPINA6/ADSL",5,"down"
"testicular non-seminomatous germ cell cancer","testicular non-seminomatous germ cell cancer","2/39","31/17907",0.0645161290322581,29.6228287841191,7.45163970870996,0.00206513742591628,0.0466231025647539,0.034154904439329,"APOA1/AFP",2,"down"
"keratosis","keratosis","5/39","423/17907",0.0118203309692671,5.42735042735043,4.30514025289689,0.00213430266119149,0.0473815190784512,0.0347105011741143,"HBA1/GAPDH/A1BG/HSP90B1/SERPINB7",5,"down"
"langerhans-cell histiocytosis","langerhans-cell histiocytosis","3/39","119/17907",0.0252100840336134,11.5753070458953,5.40749999407844,0.00219655386485712,0.0479640942293392,0.0351372809788189,"HBA1/GSN/ANXA3",3,"down"
